Name,Team,Pos,Injury / Surgery Date,Injury / Surgery,Status,IL Retro Date,Eligible to Return,Return Date,Latest Update
José Quijada,LAA,RP,5/17/2023,Tommy John surgery,Activated,3/28/2024,5/27/2024,7/22/2024,Activated
Sam Bachman,LAA,SP,Sep '23,Arthroscopic shoulder surgery,Activated,3/28/2024,5/27/2024,6/14/2024,Activated
Michael Stefanic,LAA,INF,2/24/2024,Strained quad,Activated,3/25/2024,5/24/2024,5/29/2024,Activated
Kelvin Cáceres,LAA,RP,3/13/2024,Strained lat,Activated,5/9/2024,7/8/2024,9/30/2024,Activated
Guillo Zuñiga,LAA,RP,4/7/2024,Strained pectoral,Activated,4/8/2024,4/23/2024,5/25/2024,Activated
Chase Silseth,LAA,SP,4/7/2024,Elbow inflammation,Activated,4/8/2024,6/7/2024,6/25/2024,Activated
Anthony Rendon,LAA,3B,4/20/2024,Strained hamstring,Activated,4/21/2024,6/20/2024,7/8/2024,Activated
Miguel Sanó,LAA,1B/3B,4/26/2024,Knee discomfort,Activated,4/28/2024,5/8/2024,6/25/2024,Activated
José Cisnero,LAA,RP,4/27/2024,Shoulder inflammation,Activated,4/28/2024,6/27/2024,8/17/2024,Activated
Robert Stephenson,LAA,RP,4/30/2024,Tommy John surgery,Activated,3/25/2024,5/24/2024,9/30/2024,Activated
Luis Rengifo,LAA,INF,5/4/2024,Viral infection,Activated,5/6/2024,5/16/2024,5/16/2024,Activated
Ehire Adrianza,LAA,INF,5/8/2024,Back spasms,Activated,5/9/2024,5/19/2024,6/15/2024,Activated
Brandon Drury,LAA,INF,5/8/2024,Strained hamstring,Activated,5/9/2024,5/19/2024,6/17/2024,Activated
Adam Cimber,LAA,RP,6/14/2024,Shoulder inflammation,Activated,6/15/2024,6/30/2024,7/22/2024,Activated
José Soriano,LAA,SP,6/17/2024,Abdomen infection,Activated,6/17/2024,7/2/2024,7/2/2024,Activated
Patrick Sandoval,LAA,SP,6/26/2024,Elbow surgery (UCL),Activated,6/22/2024,8/21/2024,9/30/2024,Activated
Luis Rengifo,LAA,INF,7/3/2024,Wrist inflammation,Activated,7/4/2024,7/14/2024,7/23/2024,Activated
Andrew Wantz,LAA,RP,7/13/2024,Elbow surgery,Activated,7/1/2024,8/30/2024,9/30/2024,Activated
Anthony Rendon,LAA,3B,7/26/2024,Lower back inflammation,Activated,7/27/2024,8/6/2024,8/6/2024,Activated
Luis Rengifo,LAA,INF,8/6/2024,Wrist surgery,Activated,8/3/2024,10/2/2024,9/30/2024,Activated
Mike Trout,LAA,OF,8/7/2024,Knee surgery (torn meniscus),Activated,4/30/2024,6/29/2024,9/30/2024,Activated
José Soriano,LAA,SP,8/16/2024,Arm fatigue,Activated,8/17/2024,10/16/2024,9/30/2024,Activated
Carson Fulmer,LAA,SP,8/24/2024,Elbow inflammation,Activated,8/27/2024,9/11/2024,9/30/2024,Activated
Matt Moore,LAA,RP,8/25/2024,Strained forearm,Activated,8/26/2024,10/25/2024,9/30/2024,Activated
Ben Joyce,LAA,RP,9/3/2024,Shoulder impingement,Activated,9/7/2024,9/22/2024,9/30/2024,Activated
Kevin Pillar,LAA,OF,9/6/2024,Sprained thumb,Activated,9/7/2024,9/17/2024,9/20/2024,Activated
Jo Adell,LAA,OF,9/6/2024,Strained oblique,Activated,9/7/2024,11/6/2024,9/30/2024,Activated
Anthony Rendon,LAA,3B,9/7/2024,Strained oblique,Activated,9/8/2024,9/18/2024,9/30/2024,Activated
José Marte,LAA,RP,9/14/2024,Shoulder surgery,Activated,8/9/2024,10/8/2024,9/30/2024,Activated
John Means,BAL,SP,Oct '23,Strained forearm,Activated,3/25/2024,4/9/2024,5/1/2024,Activated
Félix Bautista,BAL,RP,10/9/2023,Tommy John surgery,Activated,3/28/2024,5/27/2024,9/30/2024,Activated
Kyle Bradish,BAL,SP,Jan '24,Sprained elbow,Activated,3/25/2024,4/9/2024,5/2/2024,Activated
Cionel Pérez,BAL,RP,3/30/2024,Strained oblique,Activated,3/31/2024,4/15/2024,4/29/2024,Activated
Austin Hays,BAL,OF,4/20/2024,Strained calf,Activated,4/21/2024,5/1/2024,5/13/2024,Activated
Grayson Rodriguez,BAL,SP,4/29/2024,Shoulder inflammation,Activated,4/30/2024,5/15/2024,5/18/2024,Activated
Dean Kremer,BAL,SP,5/20/2024,Strained triceps,Activated,5/21/2024,6/5/2024,7/3/2024,Activated
Jorge Mateo,BAL,INF/OF,6/2/2024,Concussion,Activated,6/3/2024,6/10/2024,6/11/2024,Activated
John Means,BAL,SP,6/3/2024,Tommy John surgery,Activated,5/23/2024,7/22/2024,9/30/2024,Activated
Tyler Wells,BAL,SP,6/17/2024,Elbow surgery (internal brace),Activated,4/13/2024,6/12/2024,9/30/2024,Activated
Danny Coulombe,BAL,RP,6/19/2024,Elbow surgery (bone chip removal),Activated,6/9/2024,8/8/2024,9/20/2024,Activated
Kyle Bradish,BAL,SP,6/19/2024,Tommy John surgery,Activated,6/15/2024,8/14/2024,9/30/2024,Activated
Heston Kjerstad,BAL,OF,7/12/2024,Concussion,Activated,7/13/2024,7/20/2024,7/20/2024,Activated
Heston Kjerstad,BAL,OF,7/29/2024,Concussion,Activated,7/31/2024,8/10/2024,9/15/2024,Activated
Jordan Westburg,BAL,INF,7/31/2024,Fractured hand (right),Activated,8/1/2024,8/11/2024,9/22/2024,Activated
Jacob Webb,BAL,RP,8/2/2024,Elbow inflammation,Activated,8/4/2024,8/19/2024,9/15/2024,Activated
Grayson Rodriguez,BAL,SP,8/7/2024,Lat discomfort,Activated,8/4/2024,8/19/2024,9/30/2024,Activated
Zach Eflin,BAL,SP,8/15/2024,Shoulder inflammation,Activated,8/17/2024,9/1/2024,9/1/2024,Activated
Ryan Mountcastle,BAL,1B,8/22/2024,Sprained wrist,Activated,8/23/2024,9/2/2024,9/24/2024,Activated
Jorge Mateo,BAL,INF/OF,8/28/2024,Elbow surgery (internal brace),Activated,7/24/2024,9/22/2024,9/30/2024,Activated
Ramón Urías,BAL,INF,8/31/2024,Sprained ankle,Activated,9/1/2024,9/11/2024,9/22/2024,Activated
Burch Smith,BAL,RP,9/17/2024,Strained groin,Activated,9/18/2024,10/3/2024,9/30/2024,Activated
Chris Martin,BOS,RP,Jun '24,Anxiety,Activated,6/2/2024,6/17/2024,6/18/2024,Activated
Liam Hendriks,BOS,RP,8/2/2023,Tommy John surgery,Activated,3/28/2024,5/27/2024,9/30/2024,Activated
Bryan Mata,BOS,RP,2/24/2024,Strained hamstring,Activated,3/25/2024,5/24/2024,9/30/2024,Activated
Vaughn Grissom,BOS,2B,3/1/2024,Strained hamstring,Activated,3/25/2024,4/4/2024,5/3/2024,Activated
Lucas Giolito,BOS,SP,3/12/2024,Elbow surgery (internal brace),Activated,3/28/2024,5/27/2024,9/30/2024,Activated
Rob Refsnyder,BOS,OF,3/12/2024,Fractured toe,Activated,3/25/2024,4/4/2024,4/18/2024,Activated
Nick Pivetta,BOS,SP,4/3/2024,Strained elbow flexor,Activated,4/6/2024,4/21/2024,5/8/2024,Activated
Trevor Story,BOS,SS,4/5/2024,Shoulder surgery (fractured glenoid),Activated,4/6/2024,6/5/2024,9/7/2024,Activated
Romy Gonzalez,BOS,INF/OF,4/10/2024,Sprained wrist,Activated,4/11/2024,4/21/2024,5/8/2024,Activated
Chris Murphy,BOS,SP,4/10/2024,Tommy John surgery,Activated,3/28/2024,5/27/2024,9/30/2024,Activated
Isaiah Campbell,BOS,RP,4/11/2024,Shoulder impingement,Activated,4/12/2024,4/27/2024,6/6/2024,Activated
Tyler O'Neill,BOS,OF,4/15/2024,Concussion,Activated,4/16/2024,4/23/2024,4/23/2024,Activated
Brayan Bello,BOS,SP,4/19/2024,Lat tightness,Activated,4/21/2024,5/6/2024,5/12/2024,Activated
Triston Casas,BOS,1B,4/20/2024,Torn rib cartilage,Activated,4/21/2024,6/20/2024,8/16/2024,Activated
Tyler Heineman,BOS,C,4/21/2024,Strained hamstring,Activated,4/22/2024,5/2/2024,5/18/2024,Activated
Masataka Yoshida,BOS,OF,4/28/2024,Sprained thumb,Activated,4/29/2024,5/9/2024,6/11/2024,Activated
Tyler O'Neill,BOS,OF,5/25/2024,Knee inflammation,Activated,5/26/2024,6/5/2024,6/5/2024,Activated
Romy Gonzalez,BOS,INF/OF,5/30/2024,Strained hamstring,Activated,5/31/2024,6/10/2024,6/17/2024,Activated
Garrett Whitlock,BOS,SP,5/30/2024,Elbow surgery (internal brace),Activated,4/17/2024,6/16/2024,9/30/2024,Activated
Vaughn Grissom,BOS,2B,6/1/2024,Strained hamstring,Activated,6/2/2024,6/12/2024,8/8/2024,Activated
Wilyer Abreu,BOS,OF,6/2/2024,Sprained ankle,Activated,6/3/2024,6/13/2024,6/22/2024,Activated
Chris Martin,BOS,RP,7/3/2024,Elbow inflammation,Activated,7/4/2024,7/19/2024,8/7/2024,Activated
Justin Slaten,BOS,RP,7/7/2024,Elbow inflammation,Activated,7/9/2024,7/24/2024,8/26/2024,Activated
Isaiah Campbell,BOS,RP,7/13/2024,Elbow inflammation,Activated,9/7/2024,11/6/2024,9/30/2024,Activated
Tyler O'Neill,BOS,OF,8/2/2024,Calf infection,Activated,8/4/2024,8/14/2024,8/17/2024,Activated
Cooper Criswell,BOS,RP,8/9/2024,COVID-19,Activated,8/8/2024,8/15/2024,8/16/2024,Activated
James Paxton,BOS,SP,8/11/2024,Strained calf,Activated,8/12/2024,10/11/2024,9/30/2024,Activated
Cam Booser,BOS,RP,8/13/2024,Elbow inflammation,Activated,8/14/2024,8/29/2024,9/11/2024,Activated
Lucas Sims,BOS,RP,8/25/2024,Strained lat,Activated,8/26/2024,9/10/2024,9/19/2024,Activated
Luis García,BOS,RP,8/26/2024,Elbow inflammation,Activated,8/27/2024,9/11/2024,9/21/2024,Activated
David Hamilton,BOS,INF,8/28/2024,Fractured finger (left index),Activated,8/29/2024,9/8/2024,9/30/2024,Activated
Brennan Bernardino,BOS,RP,9/10/2024,Elbow inflammation,Activated,9/11/2024,9/26/2024,9/30/2024,Activated
Rob Refsnyder,BOS,OF,9/19/2024,Strained forearm,Activated,9/20/2024,9/30/2024,9/30/2024,Activated
Rafael Devers,BOS,3B,9/20/2024,Shoulder inflammation,Activated,9/21/2024,10/1/2024,9/30/2024,Activated
Kenley Jansen,BOS,RP,9/22/2024,Shoulder inflammation,Activated,9/23/2024,10/8/2024,9/30/2024,Activated
Matt Foster,CHW,RP,Apr '23,Tommy John surgery,Activated,3/28/2024,5/27/2024,8/16/2024,Activated
Shane Drohan,CHW,SP,2/22/2024,Shoulder surgery (nerve decompression),Activated,3/25/2024,5/24/2024,6/9/2024,Activated
Jesse Scholtens,CHW,SP,3/1/2024,Tommy John surgery,Activated,3/28/2024,5/27/2024,9/30/2024,Activated
Eloy Jiménez,CHW,OF,3/31/2024,Strained groin,Activated,4/2/2024,4/12/2024,4/15/2024,Activated
John Brebbia,CHW,RP,4/5/2024,Strained calf,Activated,4/6/2024,4/21/2024,4/22/2024,Activated
Luis Robert Jr.,CHW,OF,4/5/2024,Strained hip flexor,Activated,4/6/2024,4/16/2024,6/4/2024,Activated
Yoán Moncada,CHW,3B,4/9/2024,Strained groin,Activated,4/10/2024,6/9/2024,9/16/2024,Activated
Danny Mendick,CHW,INF/OF,5/1/2024,Lower back tightness,Activated,5/2/2024,5/12/2024,5/17/2024,Activated
Dominic Leone,CHW,RP,5/4/2024,Lower back tightness,Activated,5/5/2024,5/20/2024,5/20/2024,Activated
Bryan Ramos,CHW,3B,5/14/2024,Strained quad,Activated,5/15/2024,5/25/2024,5/25/2024,Activated
Steven Wilson,CHW,RP,5/19/2024,Strained back,Activated,5/20/2024,6/4/2024,6/12/2024,Activated
Dominic Leone,CHW,RP,5/20/2024,Elbow inflammation,Activated,5/21/2024,7/20/2024,8/5/2024,Activated
Eloy Jiménez,CHW,OF,5/21/2024,Strained hamstring,Activated,5/22/2024,6/1/2024,6/23/2024,Activated
Andrew Benintendi,CHW,OF,6/1/2024,Achilles tendinitis,Activated,6/2/2024,6/12/2024,6/12/2024,Activated
Tommy Pham,CHW,OF,6/2/2024,Sprained ankle,Activated,6/3/2024,6/13/2024,6/14/2024,Activated
Dominic Fletcher,CHW,OF,6/2/2024,Sprained shoulder (AC joint),Activated,6/3/2024,6/13/2024,7/11/2024,Activated
Max Stassi,CHW,C,6/7/2024,Hip surgery (surfacing procedure),Activated,3/25/2024,5/24/2024,9/30/2024,Activated
Michael Soroka,CHW,RP,7/14/2024,Strained shoulder,Activated,7/16/2024,7/31/2024,9/21/2024,Activated
Jordan Leasure,CHW,RP,7/14/2024,Shoulder impingement,Activated,7/17/2024,8/1/2024,9/21/2024,Activated
Mike Clevinger,CHW,SP,8/1/2024,Neck surgery (disc replacement),Activated,5/25/2024,7/24/2024,9/30/2024,Activated
Dominic Leone,CHW,RP,8/14/2024,Sprained elbow,Activated,8/15/2024,10/14/2024,9/30/2024,Activated
Steven Wilson,CHW,RP,8/14/2024,Strained lower back,Activated,8/15/2024,8/30/2024,9/30/2024,Activated
Jimmy Lambert,CHW,RP,8/20/2024,Shoulder surgery,Activated,3/28/2024,5/27/2024,9/30/2024,Activated
Brooks Baldwin,CHW,INF,9/3/2024,Sprained wrist,Activated,9/4/2024,9/14/2024,9/30/2024,Activated
Ky Bush,CHW,SP,9/7/2024,Strained triceps,Activated,9/14/2024,9/29/2024,9/30/2024,Activated
Drew Thorpe,CHW,SP,9/7/2024,Elbow surgery (bone spur removal),Activated,8/1/2024,8/16/2024,9/30/2024,Activated
Matt Foster,CHW,RP,9/11/2024,Lower back disc herniation,Activated,9/12/2024,9/27/2024,9/30/2024,Activated
Matthew Boyd,CLE,SP,6/28/2023,Tommy John surgery,Activated,6/29/2024,7/14/2024,8/13/2024,Activated
Alex Cobb,CLE,SP,10/31/2023,Hip surgery (labrum repair),Activated,3/25/2024,5/24/2024,8/9/2024,Activated
James Karinchak,CLE,RP,Feb '24,Shoulder inflammation,Activated,3/25/2024,5/24/2024,9/30/2024,Activated
Ben Lively,CLE,SP,Mar '24,Viral illness,Activated,3/25/2024,4/9/2024,4/17/2024,Activated
Trevor Stephan,CLE,RP,Mar '24,Elbow surgery (UCL),Activated,3/25/2024,5/24/2024,9/30/2024,Activated
Xzavion Curry,CLE,SP,Mar '24,Viral illness,Activated,3/25/2024,4/9/2024,4/15/2024,Activated
Sam Hentges,CLE,SP,3/8/2024,Finger inflammation,Activated,3/25/2024,4/9/2024,5/6/2024,Activated
Gavin Williams,CLE,SP,3/10/2024,Elbow inflammation,Activated,3/25/2024,5/24/2024,6/30/2024,Activated
Shane Bieber,CLE,SP,4/12/2024,Tommy John surgery,Activated,4/3/2024,6/2/2024,9/30/2024,Activated
Angel Martínez,CLE,INF,4/13/2024,Fractured hamate,Activated,3/25/2024,5/24/2024,5/29/2024,Activated
Eli Morgan,CLE,RP,4/16/2024,Shoulder inflammation,Activated,4/17/2024,5/2/2024,5/28/2024,Activated
Steven Kwan,CLE,OF,5/4/2024,Strained hamstring,Activated,5/5/2024,5/15/2024,5/31/2024,Activated
Carlos Carrasco,CLE,SP,5/21/2024,Neck spasm,Activated,5/18/2024,6/2/2024,6/2/2024,Activated
Eli Morgan,CLE,RP,5/29/2024,Elbow inflammation,Activated,5/30/2024,6/14/2024,6/29/2024,Activated
Nick Sandlin,CLE,RP,6/16/2024,Lower back inflammation,Activated,6/17/2024,7/2/2024,7/4/2024,Activated
Will Brennan,CLE,OF,6/24/2024,Rib cage inflammation,Activated,6/25/2024,7/5/2024,7/11/2024,Activated
Carlos Carrasco,CLE,SP,8/7/2024,Strained hip,Activated,8/8/2024,8/23/2024,9/17/2024,Activated
Alex Cobb,CLE,SP,8/14/2024,Fractured nail (right hand),Activated,8/16/2024,8/31/2024,9/1/2024,Activated
Alex Cobb,CLE,SP,9/1/2024,Blister (middle finger),Activated,9/8/2024,9/23/2024,9/30/2024,Activated
Steven Kwan,CLE,OF,9/12/2024,Back inflammation,Activated,9/14/2024,9/24/2024,9/25/2024,Activated
Sam Hentges,CLE,RP,9/18/2024,Shoulder surgery,Activated,7/11/2024,9/9/2024,9/30/2024,Activated
Andy Ibáñez,DET,INF/OF,4/7/2024,Strained hamstring,Activated,4/8/2024,4/18/2024,4/29/2024,Activated
Gio Urshela,DET,3B,4/19/2024,Strained hamstring,Activated,4/20/2024,4/30/2024,5/14/2024,Activated
Sawyer Gipson-Long,DET,SP,4/22/2024,Elbow surgery (internal brace),Activated,3/25/2024,5/24/2024,9/30/2024,Activated
Shelby Miller,DET,RP,5/11/2024,Ulnar nerve inflammation,Activated,5/12/2024,5/27/2024,6/4/2024,Activated
Kenta Maeda,DET,SP,5/11/2024,Viral illness,Activated,5/8/2024,5/23/2024,5/24/2024,Activated
Kerry Carpenter,DET,OF,5/26/2024,Stress fracture (lumbar spine),Activated,5/27/2024,7/26/2024,8/13/2024,Activated
Alex Faedo,DET,RP,6/4/2024,Hip inflammation,Activated,6/5/2024,6/20/2024,6/27/2024,Activated
Javier Báez,DET,SS,6/8/2024,Back inflammation (lumbar spine),Activated,6/9/2024,6/19/2024,7/8/2024,Activated
Brendan White,DET,RP,6/18/2024,Strained elbow,Activated,8/13/2024,10/12/2024,9/30/2024,Activated
Casey Mize,DET,SP,6/30/2024,Strained hamstring,Activated,7/1/2024,8/30/2024,8/30/2024,Activated
Parker Meadows,DET,OF,7/7/2024,Strained hamstring,Activated,7/8/2024,7/18/2024,8/3/2024,Activated
Reese Olson,DET,SP,7/20/2024,Strained shoulder,Activated,7/21/2024,8/5/2024,9/16/2024,Activated
Riley Greene,DET,OF,7/25/2024,Strained hamstring,Activated,7/26/2024,8/5/2024,8/18/2024,Activated
Wenceel Pérez,DET,OF,8/9/2024,Strained oblique,Activated,8/10/2024,8/20/2024,9/12/2024,Activated
Alex Faedo,DET,RP,8/20/2024,Strained shoulder,Activated,8/22/2024,10/21/2024,9/30/2024,Activated
Javier Báez,DET,SS,9/3/2024,Arthroscopic hip surgery,Activated,8/23/2024,9/2/2024,9/30/2024,Activated
Kris Bubic,KCR,SP,4/26/2023,Tommy John surgery,Activated,3/28/2024,5/27/2024,7/6/2024,Activated
Kyle Wright,KCR,SP,10/11/2023,Shoulder surgery (torn capsule),Activated,3/28/2024,5/27/2024,9/30/2024,Activated
Carlos Hernández,KCR,RP,Feb '24,Shoulder soreness,Activated,3/25/2024,4/9/2024,5/24/2024,Activated
Jake Brentz,KCR,RP,3/9/2024,Strained hamstring,Activated,3/25/2024,4/9/2024,5/20/2024,Activated
Josh Taylor,KCR,RP,3/12/2024,Biceps soreness,Activated,3/25/2024,5/24/2024,9/30/2024,Activated
Michael Massey,KCR,2B,3/16/2024,Lower back tightness,Activated,3/25/2024,4/4/2024,4/19/2024,Activated
Alec Marsh,KCR,SP,4/24/2024,Elbow contusion,Activated,4/25/2024,5/10/2024,5/10/2024,Activated
Michael Massey,KCR,2B,5/24/2024,Sprained lower back,Activated,5/25/2024,6/4/2024,6/24/2024,Activated
Michael Wacha,KCR,SP,5/31/2024,Fractured foot (non-displaced),Activated,6/1/2024,6/16/2024,6/22/2024,Activated
Hunter Renfroe,KCR,OF,6/10/2024,Fractured toe,Activated,6/11/2024,6/21/2024,6/21/2024,Activated
Dan Altavilla,KCR,RP,6/19/2024,Strained oblique,Activated,6/20/2024,8/19/2024,9/5/2024,Activated
Adam Frazier,KCR,2B/OF,6/22/2024,Sprained thumb,Activated,6/23/2024,7/3/2024,7/5/2024,Activated
MJ Melendez,KCR,OF,7/14/2024,Sprained ankle,Activated,7/15/2024,7/25/2024,7/28/2024,Activated
John Schreiber,KCR,RP,7/28/2024,Knee discomfort,Activated,7/29/2024,8/13/2024,8/19/2024,Activated
Hunter Harvey,KCR,RP,8/4/2024,Back tightness,Activated,8/7/2024,8/22/2024,9/30/2024,Activated
Hunter Renfroe,KCR,OF,8/24/2024,Strained hamstring,Activated,8/25/2024,9/4/2024,9/5/2024,Activated
Will Smith,KCR,RP,8/25/2024,Lower back spasms,Activated,8/26/2024,9/10/2024,9/30/2024,Activated
Michael Lorenzen,KCR,SP,8/27/2024,Strained hamstring,Activated,8/28/2024,9/12/2024,9/25/2024,Activated
Vinnie Pasquantino,KCR,1B,8/29/2024,Fractured thumb (right),Activated,8/30/2024,9/9/2024,9/30/2024,Activated
Chris Stratton,KCR,RP,9/13/2024,Strained forearm flexor,Activated,9/14/2024,9/29/2024,9/30/2024,Activated
James McArthur,KCR,RP,9/16/2024,Sprained elbow,Activated,9/17/2024,10/2/2024,9/30/2024,Activated
Josh Winder,MIN,RP,Sep '23,Shoulder discomfort (scapular stress fracture),Activated,3/28/2024,5/27/2024,5/27/2024,Activated
Caleb Thielbar,MIN,RP,Feb '24,Strained hamstring,Activated,3/25/2024,4/9/2024,4/14/2024,Activated
Zack Weiss,MIN,RP,Feb '24,Strained shoulder (teres major),Activated,3/25/2024,5/24/2024,7/17/2024,Activated
Jhoan Duran,MIN,RP,3/13/2024,Strained oblique,Activated,3/25/2024,4/9/2024,4/30/2024,Activated
Justin Topa,MIN,RP,3/15/2024,Patellar tendinitis (left knee),Activated,3/25/2024,5/24/2024,9/25/2024,Activated
Josh Staumont,MIN,RP,3/25/2024,Strained calf,Activated,3/26/2024,4/10/2024,4/19/2024,Activated
Royce Lewis,MIN,3B,3/28/2024,Strained quad,Activated,3/29/2024,4/8/2024,6/4/2024,Activated
Anthony DeSclafani,MIN,SP,3/29/2024,Elbow/Flexor tendon surgery,Activated,3/25/2024,5/24/2024,9/30/2024,Activated
Max Kepler,MIN,OF,4/6/2024,Knee contusion,Activated,4/7/2024,4/22/2024,4/22/2024,Activated
Carlos Correa,MIN,SS,4/12/2024,Strained oblique,Activated,4/13/2024,4/23/2024,4/29/2024,Activated
Brock Stewart,MIN,RP,5/1/2024,Shoulder tendinitis,Activated,5/2/2024,7/1/2024,7/24/2024,Activated
Byron Buxton,MIN,OF,5/1/2024,Knee inflammation,Activated,5/2/2024,5/12/2024,5/18/2024,Activated
Daniel Duarte,MIN,RP,5/8/2024,Elbow surgery (UCL revision),Activated,4/4/2024,6/3/2024,9/30/2024,Activated
Alex Kirilloff,MIN,1B/OF,6/11/2024,Back discomfort,Activated,6/12/2024,8/11/2024,9/30/2024,Activated
Chris Paddack,MIN,SP,6/21/2024,Shoulder fatigue,Activated,6/22/2024,7/7/2024,7/8/2024,Activated
Royce Lewis,MIN,3B,7/2/2024,Strained groin,Activated,7/3/2024,7/13/2024,7/26/2024,Activated
Austin Martin,MIN,OF/INF,7/5/2024,Strained oblique,Activated,7/6/2024,7/16/2024,7/20/2024,Activated
Kyle Farmer,MIN,INF,7/10/2024,Strained shoulder,Activated,7/11/2024,7/21/2024,8/9/2024,Activated
Jose Miranda,MIN,3B/1B,7/10/2024,Strained lower back,Activated,7/11/2024,7/21/2024,7/27/2024,Activated
Carlos Correa,MIN,SS,7/12/2024,Plantar fascitis,Activated,7/16/2024,7/26/2024,9/14/2024,Activated
Chris Paddack,MIN,SP,7/14/2024,Strained forearm,Activated,7/16/2024,9/14/2024,9/30/2024,Activated
Kody Funderburk,MIN,RP,7/20/2024,Strained oblique,Activated,7/18/2024,9/16/2024,9/27/2024,Activated
Brock Stewart,MIN,RP,Aug '24,Arthroscopic shoulder surgery,Activated,7/30/2024,9/28/2024,9/30/2024,Activated
Joe Ryan,MIN,SP,8/7/2024,Strained shoulder (teres major),Activated,8/8/2024,10/7/2024,9/30/2024,Activated
Brooks Lee,MIN,INF,8/7/2024,Biceps tendinitis,Activated,8/8/2024,8/18/2024,9/1/2024,Activated
Byron Buxton,MIN,OF,8/12/2024,Hip inflammation,Activated,8/13/2024,8/23/2024,9/12/2024,Activated
Manuel Margot,MIN,OF,8/31/2024,Strained groin,Activated,9/1/2024,9/11/2024,9/11/2024,Activated
Max Kepler,MIN,OF,9/1/2024,Knee tendinitis,Activated,9/2/2024,11/1/2024,9/30/2024,Activated
Jose Miranda,MIN,3B/1B,9/24/2024,Strained lower back,Activated,9/25/2024,10/5/2024,9/30/2024,Activated
Matt Wallner,MIN,OF,9/24/2024,Strained oblique,Activated,9/25/2024,10/5/2024,9/30/2024,Activated
Trevor Larnach,MIN,OF,9/26/2024,Strained hamstring,Activated,9/27/2024,10/7/2024,9/30/2024,Activated
JT Brubaker,NYY,SP,4/12/2023,Tommy John surgery,Activated,3/28/2024,5/27/2024,9/30/2024,Activated
Lou Trivino,NYY,RP,5/3/2023,Tommy John surgery,Activated,3/28/2024,5/27/2024,9/30/2024,Activated
Tommy Kahnle,NYY,RP,9/20/2023,Shoulder inflammation,Activated,3/25/2024,4/9/2024,5/22/2024,Activated
Jasson Domínguez,NYY,OF,9/20/2023,Tommy John surgery,Activated,3/28/2024,5/27/2024,6/12/2024,Activated
Scott Effross,NYY,RP,Dec '23,Back surgery,Activated,3/28/2024,5/27/2024,7/15/2024,Activated
McKinley Moore,NYY,RP,Feb '24,Knee bursitis,Activated,3/25/2024,4/9/2024,4/13/2024,Activated
Gerrit Cole,NYY,SP,3/1/2024,Elbow inflammation,Activated,3/28/2024,5/27/2024,6/19/2024,Activated
Oswald Peraza,NYY,INF,3/6/2024,Strained shoulder,Activated,3/25/2024,4/4/2024,5/19/2024,Activated
DJ LeMahieu,NYY,INF,3/16/2024,Fractured foot (non-displaced),Activated,3/25/2024,5/24/2024,5/28/2024,Activated
Jonathan Loáisiga,NYY,RP,Apr' '24,Elbow surgery (internal brace),Activated,4/4/2024,6/3/2024,9/30/2024,Activated
Jon Berti,NYY,INF/OF,4/10/2024,Strained groin,Activated,4/11/2024,4/21/2024,5/4/2024,Activated
Nick Burdi,NYY,RP,4/16/2024,Hip inflammation,Activated,4/17/2024,5/2/2024,5/10/2024,Activated
Ian Hamilton,NYY,RP,5/20/2024,COVID-19 symptoms,Activated,5/19/2024,5/26/2024,5/28/2024,Activated
Nick Burdi,NYY,RP,5/23/2024,Hip inflammation,Activated,5/24/2024,7/23/2024,8/1/2024,Activated
Jon Berti,NYY,INF/OF,5/24/2024,Strained calf,Activated,5/25/2024,7/24/2024,9/9/2024,Activated
Clarke Schmidt,NYY,SP,5/26/2024,Strained lat,Activated,5/27/2024,7/26/2024,9/7/2024,Activated
Cody Poteet,NYY,SP,6/12/2024,Strained triceps,Activated,6/15/2024,8/14/2024,9/20/2024,Activated
Anthony Rizzo,NYY,1B,6/16/2024,Fractured forearm,Activated,6/17/2024,8/16/2024,9/1/2024,Activated
Ian Hamilton,NYY,RP,6/16/2024,Strained lat,Activated,6/17/2024,8/16/2024,9/7/2024,Activated
Giancarlo Stanton,NYY,OF,6/22/2024,Strained hamstring,Activated,6/23/2024,7/3/2024,7/29/2024,Activated
J.D. Davis,NYY,1B/3B,7/11/2024,Stomach flu,Activated,7/9/2024,7/19/2024,7/19/2024,Activated
Jose Trevino,NYY,C,7/12/2024,Strained quad,Activated,7/13/2024,7/23/2024,8/15/2024,Activated
Jazz Chisholm Jr.,NYY,3B,8/12/2024,Sprained elbow (non-throwing),Activated,8/13/2024,8/23/2024,8/23/2024,Activated
Luis Gil,NYY,SP,8/20/2024,Strained lower back,Activated,8/21/2024,9/5/2024,9/5/2024,Activated
DJ LeMahieu,NYY,INF,9/3/2024,Hip impingement,Activated,9/6/2024,9/16/2024,9/30/2024,Activated
Nestor Cortes,NYY,SP,9/18/2024,Strained elbow flexor,Activated,9/22/2024,10/7/2024,9/30/2024,Activated
Jake Cousins,NYY,RP,9/20/2024,Strained pectoral,Activated,9/21/2024,10/6/2024,9/30/2024,Activated
Freddy Tarnok,OAK,SP,8/30/2023,Hip surgery,Activated,3/25/2024,5/24/2024,6/1/2024,Activated
Sean Newcomb,OAK,SP,12/20/2023,Arthroscopic knee surgery,Activated,3/25/2024,5/24/2024,6/4/2024,Activated
Aledmys Díaz,OAK,INF/OF,2/26/2024,Strained calf,Activated,3/25/2024,5/24/2024,5/28/2024,Activated
Luis Medina,OAK,SP,3/4/2024,Sprained knee,Activated,3/25/2024,5/24/2024,6/2/2024,Activated
Scott Alexander,OAK,RP,3/6/2024,Stress reaction in rib,Activated,3/25/2024,4/9/2024,5/21/2024,Activated
Miguel Andujar,OAK,OF/INF,3/27/2024,Knee surgery (lateral meniscectomy),Activated,3/25/2024,4/4/2024,5/24/2024,Activated
Trevor Gott,OAK,RP,4/3/2024,Tommy John surgery,Activated,3/28/2024,5/27/2024,9/30/2024,Activated
Brent Rooker,OAK,OF,4/7/2024,Costochondral cartilage injury,Activated,4/8/2024,4/18/2024,4/19/2024,Activated
J.D. Davis,OAK,3B/1B,4/14/2024,Strained groin,Activated,4/15/2024,4/25/2024,5/3/2024,Activated
Zack Gelof,OAK,2B,4/23/2024,Strained oblique,Activated,4/24/2024,5/4/2024,5/14/2024,Activated
Joe Boyle,OAK,SP,5/5/2024,Strained lower back,Activated,5/6/2024,5/21/2024,6/5/2024,Activated
Darell Hernaiz,OAK,INF,5/7/2024,Sprained ankle,Activated,5/8/2024,7/7/2024,8/2/2024,Activated
Paul Blackburn,OAK,SP,5/10/2024,Stress reaction in foot (fifth metatarsal),Activated,5/11/2024,7/10/2024,7/26/2024,Activated
Ken Waldichuk,OAK,SP,5/15/2024,Tommy John surgery/ flexor tendon surgery,Activated,3/28/2024,5/27/2024,9/30/2024,Activated
Ross Stripling,OAK,SP,5/24/2024,Strained elbow,Activated,5/25/2024,6/9/2024,7/25/2024,Activated
Kyle Muller,OAK,RP,5/24/2024,Shoulder tendinitis,Activated,5/27/2024,6/11/2024,7/7/2024,Activated
Lucas Erceg,OAK,RP,5/25/2024,Strained oblique,Activated,5/26/2024,6/10/2024,6/12/2024,Activated
Dany Jiménez,OAK,RP,6/19/2024,Strained oblique,Activated,6/20/2024,7/5/2024,8/18/2024,Activated
Abraham Toro,OAK,3B,6/21/2024,Strained hamstring,Activated,6/22/2024,7/2/2024,7/21/2024,Activated
Tyler Soderstrom,OAK,1B,7/9/2024,Wrist bone bruise (left),Activated,7/10/2024,7/20/2024,9/14/2024,Activated
Jacob Wilson,OAK,SS,7/19/2024,Strained hamstring,Activated,7/20/2024,7/30/2024,8/27/2024,Activated
Mason Miller,OAK,RP,7/22/2024,Fractured hand (left),Activated,7/23/2024,8/7/2024,8/7/2024,Activated
Alex Wood,OAK,SP,7/26/2024,Arthroscopic shoulder surgery,Activated,5/13/2024,7/12/2024,9/30/2024,Activated
Luis Medina,OAK,SP,8/7/2024,Sprained elbow,Activated,7/12/2024,9/10/2024,9/30/2024,Activated
Austin Adams,OAK,RP,8/13/2024,Forearm tendinitis,Activated,8/14/2024,8/29/2024,9/30/2024,Activated
Scott Alexander,OAK,RP,8/17/2024,Rotator cuff tendinitis,Activated,8/18/2024,9/2/2024,9/4/2024,Activated
Osvaldo Bido,OAK,SP,9/7/2024,Wrist flexor tendinitis,Activated,9/8/2024,9/23/2024,9/30/2024,Activated
Ross Stripling,OAK,RP,9/8/2024,Strained lower back,Activated,9/9/2024,9/24/2024,9/27/2024,Activated
Miguel Andujar,OAK,OF,9/10/2024,Core muscle surgery,Activated,8/25/2024,10/24/2024,9/30/2024,Activated
Esteury Ruiz,OAK,OF,9/24/2024,Arthroscopic knee surgery,Activated,5/23/2024,7/22/2024,9/30/2024,Activated
Eduard Bazardo,SEA,RP,Feb '24,Strained shoulder (rotator cuff),Activated,3/25/2024,4/9/2024,5/8/2024,Activated
Sam Haggerty,SEA,INF/OF,Mar '24,Medical procedure,Activated,3/25/2024,4/4/2024,4/17/2024,Activated
Gregory Santos,SEA,RP,3/11/2024,Strained lat,Activated,3/25/2024,5/24/2024,7/8/2024,Activated
Jackson Kowar,SEA,RP,3/15/2024,Tommy John surgery,Activated,3/28/2024,5/27/2024,9/30/2024,Activated
Bryan Woo,SEA,SP,3/23/2024,Elbow inflammation,Activated,3/25/2024,4/9/2024,5/10/2024,Activated
Collin Snider,SEA,RP,4/7/2024,Knee contusion,Activated,4/8/2024,4/23/2024,4/23/2024,Activated
Cody Bolton,SEA,RP,4/8/2024,Kidney stones,Activated,4/6/2024,4/21/2024,4/21/2024,Activated
Dominic Canzone,SEA,OF,4/14/2024,Sprained shoulder (AC joint),Activated,4/15/2024,4/25/2024,5/15/2024,Activated
J.P. Crawford,SEA,SS,4/23/2024,Strained oblique,Activated,4/24/2024,5/4/2024,5/20/2024,Activated
Tayler Saucedo,SEA,RP,5/7/2024,Knee hyperextension,Activated,5/8/2024,5/23/2024,5/26/2024,Activated
Matt Brash,SEA,RP,5/8/2024,Tommy John surgery,Activated,3/25/2024,5/24/2024,9/30/2024,Activated
Sam Haggerty,SEA,INF/OF,5/18/2024,Torn Achilles' tendon,Activated,5/27/2024,7/26/2024,9/30/2024,Activated
Jorge Polanco,SEA,2B,5/26/2024,Strained hamstring,Activated,5/27/2024,6/6/2024,6/24/2024,Activated
Gabe Speier,SEA,RP,5/29/2024,Strained shoulder (rotator cuff),Activated,5/30/2024,6/14/2024,7/19/2024,Activated
Ty France,SEA,1B,6/7/2024,Fractured heel,Activated,6/8/2024,6/18/2024,6/18/2024,Activated
Bryan Woo,SEA,SP,6/24/2024,Strained hamstring,Activated,6/25/2024,7/10/2024,7/12/2024,Activated
Dominic Canzone,SEA,OF,7/9/2024,Strained groin,Activated,7/10/2024,7/20/2024,8/8/2024,Activated
Julio Rodríguez,SEA,OF,7/21/2024,Sprained ankle,Activated,7/22/2024,8/1/2024,8/11/2024,Activated
J.P. Crawford,SEA,SS,7/22/2024,Fractured hand (right pinkie),Activated,7/23/2024,8/2/2024,8/28/2024,Activated
Gregory Santos,SEA,RP,7/31/2024,Biceps inflammation,Activated,8/1/2024,8/16/2024,9/23/2024,Activated
Yimi García,SEA,RP,8/19/2024,Elbow inflammation,Activated,8/20/2024,10/19/2024,9/30/2024,Activated
Luis Castillo,SEA,SP,9/8/2024,Strained hamstring,Activated,9/9/2024,9/24/2024,9/30/2024,Activated
Bryce Miller,SEA,SP,9/23/2024,Blister (right index finger),Activated,9/25/2024,10/10/2024,9/30/2024,Activated
Shane Baz,TBR,SP,9/28/2022,Tommy John surgery,Activated,3/25/2024,4/9/2024,5/23/2024,Activated
Jeffrey Springs,TBR,SP,4/24/2023,Tommy John surgery,Activated,3/28/2024,5/27/2024,7/28/2024,Activated
Drew Rasmussen,TBR,SP,Jul '23,Elbow surgery (internal brace),Activated,3/28/2024,5/27/2024,8/7/2024,Activated
Shane McClanahan,TBR,SP,8/21/2023,Tommy John surgery,Activated,3/28/2024,5/27/2024,9/30/2024,Activated
Taylor Walls,TBR,INF,10/30/2023,Hip surgery (labrum repair),Activated,3/25/2024,5/24/2024,6/7/2024,Activated
Jonny DeLuca,TBR,OF,3/10/2024,Fractured hand,Activated,3/25/2024,4/4/2024,5/3/2024,Activated
Taj Bradley,TBR,SP,3/12/2024,Strained pectoral,Activated,3/25/2024,4/9/2024,5/8/2024,Activated
Jonathan Aranda,TBR,INF/OF,3/17/2024,Fractured finger (right ring),Activated,3/25/2024,4/4/2024,5/14/2024,Activated
Josh Lowe,TBR,OF,3/17/2024,Strained oblique,Activated,3/25/2024,4/4/2024,5/6/2024,Activated
Brandon Lowe,TBR,2B,4/10/2024,Strained oblique,Activated,4/9/2024,4/19/2024,5/20/2024,Activated
Pete Fairbanks,TBR,RP,4/17/2024,Nerve-related issue,Activated,4/19/2024,5/4/2024,5/11/2024,Activated
Colin Poche,TBR,RP,4/23/2024,Back tightness,Activated,4/24/2024,5/9/2024,6/8/2024,Activated
Chris Devenski,TBR,RP,4/24/2024,Knee tendinitis,Activated,4/26/2024,5/11/2024,5/25/2024,Activated
Jacob Waguespack,TBR,SP,5/2/2024,Strained shoulder,Activated,5/6/2024,7/5/2024,9/30/2024,Activated
Ryan Pepiot,TBR,SP,5/5/2024,Leg contusion,Activated,5/6/2024,5/21/2024,5/22/2024,Activated
Zach Eflin,TBR,SP,5/18/2024,Lower back inflammation,Activated,5/19/2024,6/3/2024,6/5/2024,Activated
Josh Lowe,TBR,OF,5/22/2024,Strained oblique,Activated,5/23/2024,6/2/2024,6/3/2024,Activated
Richard Lovelady,TBR,RP,6/7/2024,Strained forearm flexor,Activated,6/8/2024,6/23/2024,8/8/2024,Activated
Ryan Pepiot,TBR,SP,7/20/2024,Knee infection,Activated,7/19/2024,8/3/2024,8/16/2024,Activated
Richie Palacios,TBR,OF/INF,7/31/2024,Sprained knee,Activated,8/1/2024,8/11/2024,9/23/2024,Activated
Zack Littell,TBR,SP,8/14/2024,Shoulder fatigue,Activated,8/15/2024,8/30/2024,9/1/2024,Activated
Pete Fairbanks,TBR,RP,8/18/2024,Strained lat,Activated,8/19/2024,9/3/2024,9/30/2024,Activated
Colin Poche,TBR,RP,8/27/2024,Shoulder inflammation,Activated,8/28/2024,9/12/2024,9/16/2024,Activated
Jeffrey Springs,TBR,SP,9/3/2024,Elbow fatigue,Activated,9/5/2024,9/20/2024,9/30/2024,Activated
Carson Coleman,TEX,RP,Apr '23,Elbow surgery,Activated,3/28/2024,5/27/2024,9/30/2024,Activated
Tyler Mahle,TEX,SP,5/22/2023,Tommy John surgery,Activated,3/28/2024,5/27/2024,8/6/2024,Activated
Jacob deGrom,TEX,SP,6/12/2023,Tommy John surgery,Activated,3/28/2024,5/27/2024,9/13/2024,Activated
Jonathan Hernández,TEX,RP,10/1/2023,Strained lat,Activated,3/25/2024,4/9/2024,4/22/2024,Activated
Max Scherzer,TEX,SP,12/14/2023,Back surgery (herniated disc),Activated,3/25/2024,5/24/2024,6/23/2024,Activated
Michael Lorenzen,TEX,SP,Mar '24,Strained neck,Activated,3/25/2024,4/9/2024,4/15/2024,Activated
Nathaniel Lowe,TEX,1B,3/5/2024,Strained oblique,Activated,3/25/2024,4/4/2024,4/20/2024,Activated
Josh Jung,TEX,3B,4/1/2024,Wrist surgery,Activated,4/2/2024,6/1/2024,7/29/2024,Activated
Josh Sborz,TEX,RP,4/6/2024,Strained shoulder (rotator cuff),Activated,4/7/2024,4/22/2024,4/25/2024,Activated
Justin Foscue,TEX,INF,4/7/2024,Strained oblique,Activated,4/8/2024,6/7/2024,6/26/2024,Activated
Cody Bradford,TEX,SP,4/10/2024,Strained lower back/ Rib stress fracture,Activated,4/11/2024,6/10/2024,7/29/2024,Activated
Brock Burke,TEX,RP,4/18/2024,Hand surgery (non-throwing),Activated,4/13/2024,6/12/2024,6/12/2024,Activated
Austin Pruitt,TEX,RP,4/20/2024,Knee discomfort,Activated,4/21/2024,6/20/2024,7/28/2024,Activated
Nathan Eovaldi,TEX,SP,5/2/2024,Strained groin,Activated,5/3/2024,5/18/2024,5/28/2024,Activated
Dane Dunning,TEX,SP,5/4/2024,Strained shoulder (rotator cuff),Activated,5/5/2024,5/20/2024,5/22/2024,Activated
Wyatt Langford,TEX,OF,5/4/2024,Strained hamstring,Activated,5/5/2024,5/15/2024,5/28/2024,Activated
Josh Sborz,TEX,RP,5/8/2024,Strained shoulder (rotator cuff),Activated,5/9/2024,5/24/2024,7/5/2024,Activated
Jon Gray,TEX,RP,5/21/2024,Strained groin,Activated,5/22/2024,6/6/2024,6/8/2024,Activated
Evan Carter,TEX,OF,5/26/2024,Lower back tightness,Activated,5/27/2024,7/26/2024,9/30/2024,Activated
Cole Winn,TEX,RP,6/17/2024,Shoulder discomfort,Activated,6/18/2024,8/17/2024,9/30/2024,Activated
Dane Dunning,TEX,SP,7/3/2024,Shoulder discomfort,Activated,7/4/2024,7/19/2024,7/25/2024,Activated
Jon Gray,TEX,SP,7/28/2024,Strained groin,Activated,7/29/2024,8/13/2024,8/20/2024,Activated
Max Scherzer,TEX,SP,7/30/2024,Shoulder fatigue,Activated,7/31/2024,8/15/2024,9/14/2024,Activated
Jacob Latz,TEX,RP,8/2/2024,Forearm tightness,Activated,8/3/2024,8/18/2024,9/18/2024,Activated
Josh Sborz,TEX,RP,8/7/2024,Shoulder fatigue,Activated,8/8/2024,8/23/2024,9/24/2024,Activated
Tyler Mahle,TEX,SP,8/18/2024,Shoulder tightness,Activated,8/19/2024,10/18/2024,9/30/2024,Activated
Jon Gray,TEX,SP,8/30/2024,Foot discomfort,Activated,8/31/2024,10/30/2024,9/30/2024,Activated
Grant Anderson,TEX,RP,9/4/2024,Ankle contusion,Activated,9/5/2024,9/20/2024,9/30/2024,Activated
José Ureña,TEX,RP,9/13/2024,Shoulder fatigue,Activated,9/14/2024,9/29/2024,9/30/2024,Activated
Corey Seager,TEX,SS,9/13/2024,Sports hernia surgery,Activated,9/3/2024,11/2/2024,9/30/2024,Activated
Max Scherzer,TEX,SP,9/14/2024,Strained hamstring,Activated,9/18/2024,10/3/2024,9/30/2024,Activated
Josh Jung,TEX,3B,9/18/2024,Wrist tendinitis,Activated,9/21/2024,10/1/2024,9/30/2024,Activated
Josh Sborz,TEX,RP,9/24/2024,Shoulder fatigue,Activated,9/25/2024,10/10/2024,9/30/2024,Activated
Alek Manoah,TOR,SP,2/27/2024,Shoulder inflammation,Activated,3/25/2024,4/9/2024,5/5/2024,Activated
Jordan Romano,TOR,RP,3/10/2024,Elbow inflammation,Activated,3/25/2024,4/9/2024,4/16/2024,Activated
Danny Jansen,TOR,C,3/13/2024,Fractured pisiform bone (right wrist),Activated,3/25/2024,4/4/2024,4/15/2024,Activated
Erik Swanson,TOR,RP,3/13/2024,Forearm inflammation,Activated,3/25/2024,4/9/2024,4/16/2024,Activated
Chad Green,TOR,RP,4/15/2024,Strained shoulder (teres major),Activated,4/17/2024,5/2/2024,5/28/2024,Activated
Kevin Kiermaier,TOR,OF,4/23/2024,Hip flexor inflammation,Activated,4/24/2024,5/4/2024,5/4/2024,Activated
Bowden Francis,TOR,RP,4/24/2024,Forearm tendinitis,Activated,4/25/2024,5/10/2024,6/4/2024,Activated
Yariel Rodríguez,TOR,SP,4/29/2024,Back inflammation (thoracic spine),Activated,4/30/2024,5/15/2024,6/21/2024,Activated
Bo Bichette,TOR,SS,6/14/2024,Strained calf,Activated,6/15/2024,6/25/2024,6/25/2024,Activated
Yimi García,TOR,RP,6/16/2024,Elbow ulnar neuritis,Activated,6/17/2024,7/2/2024,7/19/2024,Activated
Alek Manoah,TOR,SP,6/17/2024,Elbow surgery (internal brace),Activated,5/30/2024,7/29/2024,9/30/2024,Activated
Jordan Romano,TOR,RP,7/3/2024,Arthroscopic elbow surgery,Activated,5/30/2024,7/29/2024,9/30/2024,Activated
Bo Bichette,TOR,SS,7/19/2024,Strained calf,Activated,7/20/2024,7/30/2024,9/17/2024,Activated
Bo Bichette,TOR,SS,9/17/2024,Fractured finger (right middle),Activated,9/18/2024,9/28/2024,9/30/2024,Activated
Will Wagner,TOR,2B,9/20/2024,Knee surgery,Activated,9/14/2024,11/13/2024,9/30/2024,Activated
Daulton Varsho,TOR,OF,9/21/2024,Shoulder surgery (rotator cuff),Activated,9/14/2024,11/13/2024,9/30/2024,Activated
Drey Jameson,ARI,RP,9/27/2023,Tommy John surgery,Activated,3/28/2024,5/27/2024,9/30/2024,Activated
Randal Grichuk,ARI,OF,Jan '24,Ankle procedure (bone spur removal),Activated,3/25/2024,4/4/2024,4/5/2024,Activated
Eduardo Rodriguez,ARI,SP,3/19/2024,Strained lat,Activated,3/25/2024,5/24/2024,8/6/2024,Activated
Paul Sewald,ARI,RP,3/23/2024,Strained oblique,Activated,3/25/2024,4/9/2024,5/7/2024,Activated
Alek Thomas,ARI,OF,3/31/2024,Strained hamstring,Activated,4/1/2024,4/11/2024,7/2/2024,Activated
Geraldo Perdomo,ARI,SS,4/3/2024,Torn knee meniscus,Activated,4/4/2024,4/14/2024,6/11/2024,Activated
Luis Frías,ARI,RP,4/16/2024,Shoulder inflammation,Activated,4/17/2024,5/2/2024,6/6/2024,Activated
Ryne Nelson,ARI,SP,4/18/2024,Elbow contusion,Activated,4/19/2024,5/4/2024,5/5/2024,Activated
Miguel Castro,ARI,RP,4/20/2024,Shoulder inflammation,Activated,4/21/2024,5/6/2024,7/11/2024,Activated
Merrill Kelly,ARI,SP,4/21/2024,Strained shoulder,Activated,4/20/2024,6/19/2024,8/11/2024,Activated
Kyle Nelson,ARI,RP,May '24,Thoracic outlet syndrome surgery,Activated,4/23/2024,6/22/2024,9/30/2024,Activated
Zac Gallen,ARI,SP,5/30/2024,Strained hamstring,Activated,5/31/2024,6/15/2024,6/29/2024,Activated
Blake Walston,ARI,SP,6/4/2024,Elbow inflammation,Activated,6/5/2024,6/20/2024,8/12/2024,Activated
Gabriel Moreno,ARI,C,6/21/2024,Sprained thumb,Activated,6/22/2024,7/2/2024,7/2/2024,Activated
Jordan Montgomery,ARI,SP,6/27/2024,Knee inflammation,Activated,6/29/2024,7/14/2024,7/23/2024,Activated
Christian Walker,ARI,1B,7/29/2024,Strained oblique,Activated,7/30/2024,8/9/2024,9/3/2024,Activated
Bryce Jarvis,ARI,RP,7/30/2024,Sprained elbow,Activated,7/31/2024,9/29/2024,9/30/2024,Activated
Gabriel Moreno,ARI,C,8/5/2024,Strained groin,Activated,8/6/2024,8/16/2024,9/15/2024,Activated
Ketel Marte,ARI,2B,8/18/2024,Sprained ankle,Activated,8/19/2024,8/29/2024,9/6/2024,Activated
Lourdes Gurriel Jr.,ARI,OF,9/1/2024,Strained calf,Activated,9/2/2024,9/12/2024,9/20/2024,Activated
Paul Sewald,ARI,RP,9/8/2024,Neck discomfort,Activated,9/12/2024,9/27/2024,9/30/2024,Activated
Ryne Nelson,ARI,SP,9/8/2024,Shoulder inflammation,Activated,9/11/2024,9/26/2024,9/26/2024,Activated
Angel Perdomo,ATL,RP,10/6/2023,Tommy John surgery,Activated,3/25/2024,5/24/2024,9/30/2024,Activated
Sean Murphy,ATL,C,3/29/2024,Strained oblique,Activated,3/30/2024,4/9/2024,5/27/2024,Activated
Spencer Strider,ATL,SP,4/12/2024,Elbow surgery (internal brace),Activated,4/6/2024,6/5/2024,9/30/2024,Activated
Huascar Ynoa,ATL,SP,4/14/2024,Stress reaction in elbow,Activated,6/16/2024,8/15/2024,9/30/2024,Activated
Ozzie Albies,ATL,2B,4/15/2024,Fractured toe,Activated,4/16/2024,4/26/2024,4/26/2024,Activated
Pierce Johnson,ATL,RP,4/29/2024,Elbow inflammation,Activated,5/1/2024,5/16/2024,5/18/2024,Activated
AJ Smith-Shawver,ATL,SP,5/23/2024,Strained oblique,Activated,5/24/2024,6/8/2024,7/9/2024,Activated
A.J. Minter,ATL,RP,5/29/2024,Hip inflammation,Activated,5/30/2024,6/14/2024,7/1/2024,Activated
Jimmy Herget,ATL,RP,6/5/2024,Shoulder inflammation,Activated,6/6/2024,6/21/2024,7/27/2024,Activated
Ronald Acuña Jr.,ATL,OF,6/5/2024,Knee surgery (torn ACL),Activated,5/27/2024,7/26/2024,9/30/2024,Activated
Michael Harris II,ATL,OF,6/14/2024,Strained hamstring,Activated,6/15/2024,8/14/2024,8/14/2024,Activated
Hurston Waldrep,ATL,SP,6/16/2024,Elbow inflammation,Activated,6/17/2024,7/2/2024,7/29/2024,Activated
Brian Anderson,ATL,INF/OF,6/24/2024,Bacterial infection,Activated,6/22/2024,7/2/2024,7/10/2024,Activated
Ramón Laureano,ATL,OF,6/26/2024,Strained oblique,Activated,7/9/2024,7/19/2024,7/19/2024,Activated
Ray Kerr,ATL,RP,Jul '24,Tommy John surgery,Activated,6/16/2024,8/15/2024,9/30/2024,Activated
Max Fried,ATL,SP,7/11/2024,Elbow neuritis,Activated,7/18/2024,8/2/2024,8/4/2024,Activated
Ozzie Albies,ATL,2B,7/21/2024,Fractured wrist,Activated,7/22/2024,8/1/2024,9/20/2024,Activated
Reynaldo López,ATL,SP,7/28/2024,Forearm inflammation,Activated,8/2/2024,8/17/2024,8/19/2024,Activated
Austin Riley,ATL,3B,8/18/2024,Fractured hand,Activated,8/19/2024,8/29/2024,9/30/2024,Activated
A.J. Minter,ATL,RP,8/21/2024,Hip surgery,Activated,8/12/2024,10/11/2024,9/30/2024,Activated
Reynaldo López,ATL,SP,9/10/2024,Shoulder inflammation,Activated,9/11/2024,9/26/2024,9/28/2024,Activated
Caleb Kilian,CHC,SP,3/5/2024,Strained shoulder,Activated,3/28/2024,5/27/2024,7/31/2024,Activated
Jameson Taillon,CHC,SP,3/9/2024,Strained lower back,Activated,3/25/2024,4/9/2024,4/18/2024,Activated
Patrick Wisdom,CHC,INF/OF,3/13/2024,Strained back,Activated,3/25/2024,4/4/2024,4/18/2024,Activated
Justin Steele,CHC,SP,3/28/2024,Strained hamstring,Activated,3/29/2024,4/13/2024,5/6/2024,Activated
Julian Merryweather,CHC,RP,4/5/2024,Rib stress fracture,Activated,4/6/2024,6/5/2024,7/22/2024,Activated
Seiya Suzuki,CHC,OF,4/14/2024,Strained oblique,Activated,4/15/2024,4/25/2024,5/10/2024,Activated
Kyle Hendricks,CHC,SP,4/21/2024,Strained lower back,Activated,4/22/2024,5/7/2024,5/12/2024,Activated
Drew Smyly,CHC,RP,4/21/2024,Hip impingement,Activated,4/22/2024,5/7/2024,5/25/2024,Activated
Cody Bellinger,CHC,OF,4/23/2024,Fractured rib,Activated,4/24/2024,5/4/2024,5/7/2024,Activated
Jordan Wicks,CHC,SP,4/23/2024,Strained forearm,Activated,4/25/2024,5/10/2024,6/7/2024,Activated
Daniel Palencia,CHC,RP,5/6/2024,Shoulder tightness,Activated,5/7/2024,5/22/2024,6/3/2024,Activated
Dansby Swanson,CHC,SS,5/7/2024,Sprained knee,Activated,5/8/2024,5/18/2024,5/20/2024,Activated
Colten Brewer,CHC,RP,5/12/2024,Strained lower back,Activated,5/14/2024,5/29/2024,6/11/2024,Activated
Keegan Thompson,CHC,RP,5/15/2024,Viral illness,Activated,5/12/2024,5/27/2024,6/7/2024,Activated
Nick Madrigal,CHC,INF,6/5/2024,Fractured pinky (left),Activated,9/1/2024,10/31/2024,9/30/2024,Activated
Ben Brown,CHC,SP,6/8/2024,Stress reaction in neck,Activated,6/9/2024,8/8/2024,9/30/2024,Activated
Jordan Wicks,CHC,SP,6/14/2024,Strained oblique,Activated,6/15/2024,8/14/2024,9/1/2024,Activated
Mike Tauchman,CHC,OF,6/17/2024,Strained groin,Activated,6/18/2024,6/28/2024,7/19/2024,Activated
Mark Leiter Jr.,CHC,RP,6/19/2024,Strained forearm,Activated,6/20/2024,7/5/2024,7/9/2024,Activated
Javier Assad,CHC,SP,6/23/2024,Strained forearm,Activated,6/24/2024,7/9/2024,7/13/2024,Activated
Keegan Thompson,CHC,RP,6/26/2024,Fractured rib,Activated,6/27/2024,7/12/2024,8/7/2024,Activated
Colten Brewer,CHC,RP,7/6/2024,Fractured hand (left),Activated,7/7/2024,9/5/2024,9/30/2024,Activated
Cody Bellinger,CHC,OF/1B,7/10/2024,Fractured finger (left middle),Activated,7/11/2024,7/21/2024,7/29/2024,Activated
Yency Almonte,CHC,RP,7/12/2024,Shoulder surgery (labral repair),Activated,5/8/2024,7/7/2024,9/30/2024,Activated
Luke Little,CHC,RP,7/12/2024,Strained shoulder,Activated,7/13/2024,9/11/2024,9/30/2024,Activated
Hayden Wesneski,CHC,SP,7/19/2024,Strained forearm,Activated,7/20/2024,8/4/2024,9/20/2024,Activated
Tomás Nido,CHC,C,7/31/2024,Knee surgery (meniscus),Activated,7/25/2024,8/4/2024,8/30/2024,Activated
Adbert Alzolay,CHC,RP,Aug '24,Tommy John surgery,Activated,5/13/2024,7/12/2024,9/30/2024,Activated
Julian Merryweather,CHC,RP,8/25/2024,Knee tendinitis,Activated,8/26/2024,10/25/2024,9/30/2024,Activated
Justin Steele,CHC,SP,8/27/2024,Elbow tendinitis,Activated,9/1/2024,9/16/2024,9/18/2024,Activated
Jorge López,CHC,RP,9/2/2024,Strained groin,Activated,9/3/2024,9/18/2024,9/18/2024,Activated
Brennen Davis,CHC,OF,9/10/2024,Fractured ankle,Activated,9/13/2024,11/12/2024,9/30/2024,Activated
Jordan Wicks,CHC,SP,9/17/2024,Strained oblique,Activated,9/18/2024,10/3/2024,9/30/2024,Activated
Jorge López,CHC,RP,9/19/2024,Strained groin,Activated,9/20/2024,10/5/2024,9/30/2024,Activated
Sam Moll,CIN,RP,Feb '24,Shoulder impingement,Activated,3/25/2024,4/9/2024,4/23/2024,Activated
Alex Young,CIN,RP,Feb '24,Back tightness,Activated,3/25/2024,5/24/2024,5/28/2024,Activated
Nick Lodolo,CIN,SP,3/16/2024,Calf tenosynovitis,Activated,3/25/2024,4/9/2024,4/13/2024,Activated
TJ Friedl,CIN,OF,3/16/2024,Non-displaced wrist fracture,Activated,3/25/2024,4/4/2024,5/7/2024,Activated
Brandon Williamson,CIN,SP,3/17/2024,Strained shoulder,Activated,3/25/2024,5/24/2024,9/1/2024,Activated
Matt McLain,CIN,2B,3/26/2024,Shoulder surgery,Activated,3/25/2024,4/4/2024,9/30/2024,Activated
Tejay Antone,CIN,RP,4/12/2024,Elbow surgery (UCL/flexor tendon repair),Activated,4/8/2024,6/7/2024,9/30/2024,Activated
Frankie Montas,CIN,SP,4/21/2024,Forearm contusion,Activated,4/22/2024,5/7/2024,5/7/2024,Activated
Ian Gibaut,CIN,RP,5/9/2024,Forearm surgery (Anterior interosseous nerve relea,Activated,3/25/2024,5/24/2024,9/24/2024,Activated
Nick Lodolo,CIN,SP,5/11/2024,Strained groin,Activated,5/12/2024,5/27/2024,5/27/2024,Activated
TJ Friedl,CIN,OF,5/12/2024,Fractured thumb (left),Activated,5/13/2024,5/23/2024,5/29/2024,Activated
Justin Wilson,CIN,RP,5/16/2024,Shoulder tightness,Activated,5/17/2024,6/1/2024,6/2/2024,Activated
Emilio Pagán,CIN,RP,5/19/2024,Triceps tightness,Activated,5/20/2024,6/4/2024,6/6/2024,Activated
Emilio Pagán,CIN,RP,6/8/2024,Strained lat,Activated,6/9/2024,8/8/2024,8/10/2024,Activated
Nick Lodolo,CIN,SP,6/23/2024,Finger blister,Activated,6/24/2024,7/9/2024,7/9/2024,Activated
TJ Friedl,CIN,OF,6/23/2024,Strained hamstring,Activated,6/24/2024,7/4/2024,7/26/2024,Activated
Luke Maile,CIN,C,7/4/2024,Herniated disc in back,Activated,7/5/2024,7/15/2024,8/2/2024,Activated
Stuart Fairchild,CIN,OF,7/6/2024,Spine disc injury,Activated,7/7/2024,7/17/2024,7/19/2024,Activated
Graham Ashcraft,CIN,SP,7/7/2024,Strained elbow,Activated,7/8/2024,9/6/2024,9/30/2024,Activated
Nick Martini,CIN,OF/1B,7/10/2024,Thumb surgery (ligament repair),Activated,7/7/2024,9/5/2024,9/24/2024,Activated
Christian Encarnacion-Strand,CIN,1B,7/11/2024,Wrist surgery (ulnar styloid fracture),Activated,5/8/2024,7/7/2024,9/30/2024,Activated
Carson Spiers,CIN,SP,7/12/2024,Shoulder impingement,Activated,7/13/2024,7/28/2024,7/29/2024,Activated
Brent Suter,CIN,RP,7/19/2024,Strained shoulder,Activated,7/20/2024,8/4/2024,9/1/2024,Activated
Austin Wynns,CIN,C,7/28/2024,Strained lat,Activated,7/29/2024,9/27/2024,9/30/2024,Activated
Christian Roa,CIN,SP,8/10/2024,Sprained shoulder,Activated,8/19/2024,10/18/2024,9/30/2024,Activated
Hunter Greene,CIN,SP,8/13/2024,Elbow soreness,Activated,8/14/2024,8/29/2024,9/22/2024,Activated
Andrew Abbott,CIN,SP,8/18/2024,Strained shoulder,Activated,8/20/2024,9/4/2024,9/30/2024,Activated
Jeimer Candelario,CIN,1B/3B,8/19/2024,Fractured toe,Activated,8/20/2024,8/30/2024,9/30/2024,Activated
Jake Fraley,CIN,OF,8/20/2024,Sprained knee,Activated,8/21/2024,8/31/2024,9/1/2024,Activated
Nick Lodolo,CIN,SP,8/22/2024,Sprained finger (left middle),Activated,8/24/2024,9/8/2024,9/30/2024,Activated
Stuart Fairchild,CIN,OF,8/24/2024,Sprained thumb,Activated,8/25/2024,10/24/2024,9/30/2024,Activated
Brandon Williamson,CIN,SP,Sep '24,Tommy John surgery,Activated,9/18/2024,11/17/2024,9/30/2024,Activated
Sam Moll,CIN,RP,9/7/2024,Shoulder impingement,Activated,9/8/2024,9/23/2024,9/30/2024,Activated
Julian Aguiar,CIN,SP,9/19/2024,Sprained elbow,Activated,9/21/2024,10/6/2024,9/30/2024,Activated
Lucas Gilbreath,COL,RP,3/14/2023,Tommy John surgery,Activated,3/25/2024,5/24/2024,8/16/2024,Activated
Germán Márquez,COL,SP,5/12/2023,Tommy John surgery,Activated,3/28/2024,5/27/2024,7/14/2024,Activated
Antonio Senzatela,COL,SP,7/26/2023,Tommy John surgery,Activated,3/28/2024,5/27/2024,9/17/2024,Activated
Daniel Bard,COL,RP,Apr '24,Flexor tendon surgery,Activated,3/25/2024,5/24/2024,9/30/2024,Activated
Kris Bryant,COL,1B/OF,4/13/2024,Strained lower back,Activated,4/14/2024,4/24/2024,5/21/2024,Activated
Kyle Freeland,COL,SP,4/14/2024,Strained elbow,Activated,4/16/2024,6/15/2024,6/23/2024,Activated
Nolan Jones,COL,OF,4/28/2024,Strained lower back,Activated,4/29/2024,5/9/2024,6/14/2024,Activated
Jake Bird,COL,RP,5/17/2024,Elbow inflammation,Activated,5/18/2024,6/2/2024,6/17/2024,Activated
Justin Lawrence,COL,RP,5/25/2024,Strained shoulder,Activated,5/26/2024,6/10/2024,6/17/2024,Activated
Jordan Beck,COL,OF,5/25/2024,Fractured hand,Activated,5/26/2024,6/5/2024,8/3/2024,Activated
Kris Bryant,COL,1B/OF,6/2/2024,Rib contusion,Activated,6/3/2024,6/13/2024,7/23/2024,Activated
Sean Bouchard,COL,OF,6/5/2024,Sprained ankle,Activated,6/6/2024,6/16/2024,6/19/2024,Activated
Brendan Rodgers,COL,2B,6/7/2024,Strained hamstring,Activated,6/8/2024,6/18/2024,6/21/2024,Activated
Elias Díaz,COL,C,6/10/2024,Strained calf,Activated,6/11/2024,6/21/2024,6/30/2024,Activated
Josh Rogers,COL,C,6/12/2024,Strained rotator cuff,Activated,6/14/2024,6/29/2024,7/14/2024,Activated
Charlie Blackmon,COL,OF,6/18/2024,Strained hamstring,Activated,6/19/2024,6/29/2024,6/29/2024,Activated
Adael Amador,COL,2B,6/20/2024,Strained oblique,Activated,6/21/2024,7/1/2024,7/3/2024,Activated
Jake Bird,COL,RP,6/22/2024,Strained groin,Activated,6/23/2024,7/8/2024,7/10/2024,Activated
Nolan Jones,COL,OF,7/11/2024,Strained lower back,Activated,7/12/2024,7/22/2024,8/18/2024,Activated
Germán Márquez,COL,SP,7/14/2024,Elbow inflammation,Activated,7/19/2024,9/17/2024,9/30/2024,Activated
Ryan Feltner,COL,SP,8/7/2024,Strained shoulder,Activated,8/8/2024,8/23/2024,8/26/2024,Activated
Kris Bryant,COL,1B/OF,8/10/2024,Strained back,Activated,8/11/2024,8/21/2024,9/30/2024,Activated
Dakota Hudson,COL,SP,8/10/2024,Elbow inflammation,Activated,8/11/2024,10/10/2024,9/30/2024,Activated
Victor Vodnik,COL,RP,8/20/2024,Biceps inflammation,Activated,8/19/2024,9/3/2024,9/8/2024,Activated
Lucas Gilbreath,COL,RP,8/25/2024,Shoulder inflammation,Activated,8/26/2024,9/10/2024,9/30/2024,Activated
Cal Quantrill,COL,SP,8/27/2024,Triceps inflammation,Activated,8/29/2024,9/13/2024,9/15/2024,Activated
Tyler Kinley,COL,RP,9/18/2024,Elbow inflammation,Activated,9/19/2024,10/4/2024,9/30/2024,Activated
Sandy Alcantara,MIA,SP,10/6/2023,Tommy John surgery,Activated,3/28/2024,5/27/2024,9/30/2024,Activated
JT Chargois,MIA,RP,Feb '24,Neck spasms,Activated,3/25/2024,5/24/2024,6/12/2024,Activated
Braxton Garrett,MIA,SP,Feb '24,Shoulder impingement,Activated,3/25/2024,4/9/2024,5/8/2024,Activated
Xavier Edwards,MIA,INF/OF,3/5/2024,Foot infection,Activated,3/25/2024,5/24/2024,5/27/2024,Activated
Edward Cabrera,MIA,RP,3/10/2024,Shoulder impingement,Activated,3/25/2024,4/9/2024,4/15/2024,Activated
Eury Pérez,MIA,SP,4/8/2024,Tommy John surgery,Activated,3/25/2024,5/24/2024,9/30/2024,Activated
Christian Bethancourt,MIA,C,4/14/2024,Viral illness,Activated,4/14/2024,4/24/2024,4/24/2024,Activated
Jake Burger,MIA,3B/1B,4/14/2024,Strained oblique,Activated,4/15/2024,4/25/2024,5/6/2024,Activated
A.J. Puk,MIA,RP,4/19/2024,Shoulder fatigue,Activated,4/20/2024,5/5/2024,5/13/2024,Activated
Jesús Luzardo,MIA,SP,4/20/2024,Elbow tightness,Activated,4/23/2024,5/8/2024,5/11/2024,Activated
Josh Simpson,MIA,RP,4/23/2024,Elbow surgery (ulnar neuritis),Activated,3/25/2024,5/24/2024,9/3/2024,Activated
Avisaíl García,MIA,OF,4/27/2024,Strained hamstring,Activated,4/28/2024,5/8/2024,6/4/2024,Activated
Bryan Hoeing,MIA,RP,5/1/2024,Strained hamstring,Activated,5/2/2024,5/17/2024,7/5/2024,Activated
Edward Cabrera,MIA,SP,5/7/2024,Shoulder impingement,Activated,5/8/2024,7/7/2024,7/7/2024,Activated
Tim Anderson,MIA,SS,5/10/2024,Lower back tightness,Activated,5/11/2024,5/21/2024,5/21/2024,Activated
Sixto Sánchez,MIA,SP,5/31/2024,Shoulder inflammation,Activated,6/1/2024,7/31/2024,9/30/2024,Activated
Ryan Weathers,MIA,SP,6/7/2024,Strained finger (left index),Activated,6/8/2024,8/7/2024,9/18/2024,Activated
Jesús Luzardo,MIA,SP,6/16/2024,Lumbar stress reaction,Activated,6/19/2024,8/18/2024,9/30/2024,Activated
Braxton Garrett,MIA,SP,6/17/2024,Strained forearm flexor,Activated,6/20/2024,8/19/2024,9/30/2024,Activated
Otto Lopez,MIA,INF,6/30/2024,Lower back inflammation,Activated,7/1/2024,7/11/2024,7/19/2024,Activated
Dane Myers,MIA,OF,7/14/2024,Fractured ankle,Activated,7/15/2024,9/13/2024,9/24/2024,Activated
Nick Fortes,MIA,C,8/5/2024,Strained quad,Activated,8/6/2024,8/16/2024,8/16/2024,Activated
Anthony Bender,MIA,RP,8/10/2024,Shoulder impingement,Activated,8/12/2024,8/27/2024,9/7/2024,Activated
Andrew Nardi,MIA,RP,8/21/2024,Elbow discomfort,Activated,8/22/2024,10/21/2024,9/30/2024,Activated
Xavier Edwards,MIA,SS,8/23/2024,Back discomfort,Activated,8/24/2024,9/3/2024,9/3/2024,Activated
Vidal Bruján,MIA,INF/OF,8/30/2024,Sprained shoulder,Activated,8/31/2024,9/10/2024,9/19/2024,Activated
Max Meyer,MIA,SP,9/3/2024,Shoulder bursitis,Activated,9/4/2024,9/19/2024,9/30/2024,Activated
Derek Hill,MIA,OF,9/4/2024,Shoulder impingement,Activated,9/5/2024,9/15/2024,9/19/2024,Activated
Calvin Faucher,MIA,RP,9/4/2024,Shoulder impingement,Activated,9/5/2024,9/20/2024,9/30/2024,Activated
John McMillon,MIA,RP,9/11/2024,Elbow tightness,Activated,9/12/2024,9/27/2024,9/30/2024,Activated
Declan Cronin,MIA,RP,9/25/2024,Knee tendinitis,Activated,9/26/2024,10/11/2024,9/30/2024,Activated
Luis Garcia,HOU,SP,5/19/2023,Tommy John surgery,Activated,3/25/2024,5/24/2024,9/30/2024,Activated
Penn Murfee,HOU,RP,Jun '23,Elbow surgery (UCL),Activated,3/25/2024,5/24/2024,9/30/2024,Activated
Lance McCullers Jr.,HOU,SP,6/13/2023,Elbow surgery (flexor tendon/bone spur),Activated,3/28/2024,5/27/2024,9/30/2024,Activated
Kendall Graveman,HOU,RP,Jan '24,Shoulder surgery,Activated,3/28/2024,5/27/2024,9/30/2024,Activated
Justin Verlander,HOU,SP,Feb '24,Shoulder inflammation,Activated,3/25/2024,4/9/2024,4/19/2024,Activated
Shawn Dubin,HOU,SP,Feb '24,Strained forearm,Activated,3/25/2024,4/9/2024,4/13/2024,Activated
Framber Valdez,HOU,SP,4/2/2024,Elbow inflammation,Activated,4/6/2024,4/21/2024,4/27/2024,Activated
Bennett Sousa,HOU,RP,4/3/2024,Thoracic outlet syndrome surgery,Activated,3/25/2024,5/24/2024,9/30/2024,Activated
Cristian Javier,HOU,SP,4/21/2024,Neck discomfort,Activated,4/18/2024,5/3/2024,5/11/2024,Activated
Grae Kessinger,HOU,INF,4/27/2024,Shoulder discomfort,Activated,4/28/2024,5/8/2024,5/10/2024,Activated
Chas McCormick,HOU,OF,4/27/2024,Strained hamstring,Activated,4/28/2024,5/8/2024,5/21/2024,Activated
Kyle Tucker,HOU,OF,6/3/2024,Fractured shin,Activated,6/4/2024,8/3/2024,9/6/2024,Activated
José Urquidy,HOU,SP,6/5/2024,Tommy John surgery,Activated,3/25/2024,5/24/2024,9/30/2024,Activated
Cristian Javier,HOU,SP,6/6/2024,Tommy John surgery,Activated,5/24/2024,7/23/2024,9/30/2024,Activated
Justin Verlander,HOU,SP,6/15/2024,Neck discomfort,Activated,6/15/2024,6/30/2024,8/21/2024,Activated
Victor Caratini,HOU,C,6/19/2024,Strained hip flexor,Activated,6/20/2024,6/30/2024,7/22/2024,Activated
Jake Bloss,HOU,SP,6/21/2024,Shoulder discomfort,Activated,6/22/2024,7/7/2024,7/11/2024,Activated
Oliver Ortega,HOU,RP,6/26/2024,Elbow surgery (loose body removal),Activated,3/25/2024,5/24/2024,9/30/2024,Activated
J.P. France,HOU,SP,7/2/2024,Shoulder surgery (capsule tear),Activated,8/20/2024,10/19/2024,9/30/2024,Activated
Ryan Pressly,HOU,RP,8/13/2024,Strained lower back,Activated,8/14/2024,8/29/2024,8/29/2024,Activated
Chas McCormick,HOU,OF,9/10/2024,Fractured hand (right),Activated,9/11/2024,9/21/2024,9/30/2024,Activated
Ben Gamel,HOU,OF,9/14/2024,Fractured leg (fibula),Activated,9/15/2024,11/14/2024,9/30/2024,Activated
Tayler Scott,HOU,RP,9/16/2024,Strained back,Activated,9/18/2024,10/3/2024,9/30/2024,Activated
Walker Buehler,LAD,SP,8/23/2022,Tommy John surgery,Activated,3/17/2024,4/7/2024,5/6/2024,Activated
Dustin May,LAD,SP,7/18/2023,Tommy John revision surgery,Activated,3/20/2024,5/19/2024,9/30/2024,Activated
Tony Gonsolin,LAD,SP,9/1/2023,Tommy John surgery,Activated,3/20/2024,5/19/2024,9/30/2024,Activated
Tommy Edman,LAD,OF/INF,Oct '23,Arthroscopic wrist surgery,Activated,3/25/2024,5/24/2024,8/19/2024,Activated
Clayton Kershaw,LAD,SP,11/3/2023,Shoulder surgery (glenohumeral ligaments and capsu,Activated,3/20/2024,5/19/2024,7/25/2024,Activated
Brusdar Graterol,LAD,RP,3/2/2024,Shoulder inflammation,Activated,3/17/2024,5/22/2024,8/5/2024,Activated
Blake Treinen,LAD,RP,3/9/2024,Bruised lung,Activated,3/17/2024,4/7/2024,5/5/2024,Activated
Jason Heyward,LAD,OF,3/30/2024,Lower back tightness,Activated,3/31/2024,4/10/2024,5/17/2024,Activated
Connor Brogdon,LAD,RP,4/9/2024,Plantar fascitis,Activated,4/10/2024,6/9/2024,9/30/2024,Activated
Bobby Miller,LAD,SP,4/10/2024,Shoulder inflammation,Activated,4/11/2024,4/26/2024,6/19/2024,Activated
Kyle Hurt,LAD,SP,4/16/2024,Shoulder inflammation,Activated,4/17/2024,6/16/2024,6/21/2024,Activated
Ryan Brasier,LAD,RP,4/27/2024,Strained calf,Activated,4/28/2024,6/27/2024,8/17/2024,Activated
Evan Phillips,LAD,RP,5/3/2024,Strained hamstring,Activated,5/4/2024,5/19/2024,5/31/2024,Activated
Joe Kelly,LAD,RP,5/5/2024,Strained shoulder,Activated,5/6/2024,7/5/2024,7/19/2024,Activated
Max Muncy,LAD,3B,5/15/2024,Strained oblique,Activated,5/16/2024,7/15/2024,8/19/2024,Activated
Emmet Sheehan,LAD,SP,5/16/2024,Tommy John surgery,Activated,3/17/2024,5/22/2024,9/30/2024,Activated
Michael Grove,LAD,RP,6/15/2024,Strained lat,Activated,6/16/2024,7/1/2024,8/7/2024,Activated
Yoshinobu Yamamoto,LAD,SP,6/15/2024,Strained rotator cuff,Activated,6/16/2024,8/15/2024,9/10/2024,Activated
Mookie Betts,LAD,OF,6/16/2024,Fractured hand,Activated,6/17/2024,6/27/2024,8/12/2024,Activated
Walker Buehler,LAD,SP,6/18/2024,Hip discomfort,Activated,6/19/2024,7/4/2024,8/14/2024,Activated
Jason Heyward,LAD,OF,7/4/2024,Knee contusion,Activated,7/5/2024,7/15/2024,7/21/2024,Activated
Tyler Glasnow,LAD,SP,7/5/2024,Lower back tightness,Activated,7/6/2024,7/21/2024,7/24/2024,Activated
Miguel Rojas,LAD,INF,7/21/2024,Forearm tightness,Activated,7/22/2024,8/1/2024,8/7/2024,Activated
Chris Taylor,LAD,INF/OF,7/24/2024,Strained groin,Activated,7/25/2024,8/4/2024,8/22/2024,Activated
River Ryan,LAD,SP,Aug '24,Tommy John surgery,Activated,8/11/2024,10/10/2024,9/30/2024,Activated
Blake Treinen,LAD,RP,8/4/2024,Hip discomfort,Activated,8/5/2024,8/20/2024,8/21/2024,Activated
Brusdar Graterol,LAD,RP,8/6/2024,Strained hamstring,Activated,8/7/2024,8/22/2024,9/10/2024,Activated
Tyler Glasnow,LAD,SP,8/11/2024,Sprained elbow,Activated,8/13/2024,10/12/2024,9/30/2024,Activated
Austin Barnes,LAD,C,8/18/2024,Fractured toe,Activated,8/19/2024,8/29/2024,8/29/2024,Activated
Clayton Kershaw,LAD,SP,8/30/2024,Toe inflammation,Activated,8/31/2024,9/15/2024,9/30/2024,Activated
Joe Kelly,LAD,RP,8/30/2024,Shoulder inflammation,Activated,8/31/2024,9/15/2024,9/18/2024,Activated
Anthony Banda,LAD,RP,9/9/2024,Fractured hand (left),Activated,9/10/2024,9/25/2024,9/30/2024,Activated
Austin Barnes,LAD,C,9/15/2024,Fractured toe,Activated,9/16/2024,9/26/2024,9/26/2024,Activated
Brent Honeywell,LAD,RP,9/24/2024,Cracked fingernail,Activated,9/25/2024,10/10/2024,9/30/2024,Activated
Brusdar Graterol,LAD,RP,9/24/2024,Shoulder inflammation,Activated,9/25/2024,10/10/2024,9/30/2024,Activated
Gavin Stone,LAD,SP,10/9/2024,Shoulder surgery,Activated,9/3/2024,11/2/2024,9/30/2024,Activated
Brandon Woodruff,MIL,SP,10/13/2023,Shoulder surgery (anterior capsule repair),Activated,3/28/2024,5/27/2024,9/30/2024,Activated
Wade Miley,MIL,SP,Feb '24,Shoulder impingement,Activated,3/25/2024,4/9/2024,4/10/2024,Activated
Devin Williams,MIL,RP,3/5/2024,Stress fractures in back,Activated,3/25/2024,5/24/2024,7/28/2024,Activated
Garrett Mitchell,MIL,OF,3/24/2024,Fractured finger (left index),Activated,3/25/2024,5/24/2024,7/1/2024,Activated
Trevor Megill,MIL,RP,3/30/2024,Concussion,Activated,3/31/2024,4/7/2024,4/19/2024,Activated
Taylor Clarke,MIL,RP,3/30/2024,Knee surgery (torn meniscus),Activated,3/25/2024,4/9/2024,5/15/2024,Activated
Jakob Junis,MIL,SP,4/2/2024,Shoulder impingement,Activated,4/3/2024,6/2/2024,6/21/2024,Activated
Christian Yelich,MIL,OF,4/12/2024,Strained lower back,Activated,4/13/2024,4/23/2024,5/8/2024,Activated
J.B. Bukauskas,MIL,RP,4/13/2024,Strained triceps,Activated,4/14/2024,6/13/2024,9/30/2024,Activated
DL Hall,MIL,SP,4/20/2024,Sprained knee,Activated,4/21/2024,6/20/2024,8/11/2024,Activated
Joey Wiemer,MIL,OF,5/3/2024,Knee discomfort,Activated,5/4/2024,5/14/2024,5/20/2024,Activated
Wade Miley,MIL,SP,5/7/2024,Tommy John surgery,Activated,4/19/2024,6/18/2024,9/30/2024,Activated
Rhys Hoskins,MIL,1B,5/13/2024,Strained hamstring,Activated,5/14/2024,5/24/2024,5/31/2024,Activated
Joe Ross,MIL,SP,5/20/2024,Strained lower back,Activated,5/21/2024,7/20/2024,7/30/2024,Activated
Oliver Dunn,MIL,INF/OF,6/12/2024,Strained back,Activated,6/19/2024,8/18/2024,9/30/2024,Activated
Gary Sánchez,MIL,C,6/23/2024,Strained calf,Activated,6/24/2024,7/4/2024,7/24/2024,Activated
Robert Gasser,MIL,SP,6/24/2024,Tommy John surgery,Activated,6/2/2024,8/1/2024,9/30/2024,Activated
Jared Koenig,MIL,RP,6/28/2024,Forearm tendinitis,Activated,6/29/2024,7/14/2024,7/21/2024,Activated
Joey Ortiz,MIL,INF,7/1/2024,Neck inflammation,Activated,7/2/2024,7/12/2024,7/12/2024,Activated
Enoli Paredes,MIL,RP,7/2/2024,Forearm tendinitis,Activated,7/3/2024,9/1/2024,9/12/2024,Activated
Trevor Megill,MIL,RP,7/23/2024,Strained lower back,Activated,7/26/2024,8/10/2024,8/20/2024,Activated
Bryan Hudson,MIL,RP,7/23/2024,Strained oblique,Activated,7/24/2024,8/8/2024,8/12/2024,Activated
Rob Zastryzny,MIL,RP,7/24/2024,Elbow tendinitis,Activated,7/25/2024,9/23/2024,9/30/2024,Activated
Hoby Milner,MIL,RP,8/8/2024,Shoulder impingement,Activated,8/9/2024,8/24/2024,9/3/2024,Activated
Blake Perkins,MIL,OF,8/11/2024,Strained calf,Activated,8/12/2024,8/22/2024,8/22/2024,Activated
Christian Yelich,MIL,OF,8/16/2024,Back surgery,Activated,7/24/2024,9/22/2024,9/30/2024,Activated
Nick Mears,MIL,RP,8/22/2024,Forearm inflammation,Activated,8/23/2024,9/7/2024,9/26/2024,Activated
Bryse Wilson,MIL,RP,9/1/2024,Strained oblique,Activated,9/2/2024,9/17/2024,9/30/2024,Activated
Cade Cavalli,WSN,SP,3/22/2023,Tommy John surgery,Activated,3/28/2024,5/27/2024,9/30/2024,Activated
Stone Garrett,WSN,OF,8/23/2023,Fractured leg (fibula),Activated,3/25/2024,4/4/2024,4/25/2024,Activated
Mason Thompson,WSN,RP,3/1/2024,Tommy John surgery,Activated,3/28/2024,5/27/2024,9/30/2024,Activated
Jose A. Ferrer,WSN,RP,Mar '24,Strained upper back,Activated,3/28/2024,5/27/2024,7/19/2024,Activated
Nick Senzel,WSN,3B,3/28/2024,Fractured thumb (right),Activated,3/27/2024,4/6/2024,4/15/2024,Activated
Victor Robles,WSN,OF,4/3/2024,Strained hamstring,Activated,4/4/2024,4/14/2024,5/7/2024,Activated
Keibert Ruiz,WSN,C,4/9/2024,Influenza,Activated,4/12/2024,4/22/2024,4/25/2024,Activated
Lane Thomas,WSN,OF,4/23/2024,Sprained knee,Activated,4/24/2024,5/4/2024,5/27/2024,Activated
Robert Garcia,WSN,RP,4/23/2024,Influenza,Activated,4/21/2024,5/6/2024,5/7/2024,Activated
Joey Gallo,WSN,1B/OF,4/26/2024,Sprained shoulder (AC joint),Activated,4/27/2024,5/7/2024,5/17/2024,Activated
Trevor Williams,WSN,SP,5/30/2024,Strained forearm flexor,Activated,6/1/2024,7/31/2024,9/20/2024,Activated
Joey Gallo,WSN,1B/OF,6/11/2024,Strained hamstring,Activated,6/12/2024,6/22/2024,8/20/2024,Activated
Jordan Weems,WSN,RP,7/24/2024,Shin splints,Activated,7/25/2024,8/9/2024,9/30/2024,Activated
Josiah Gray,WSN,SP,7/24/2024,Tommy John surgery (internal brace),Activated,4/6/2024,6/5/2024,9/30/2024,Activated
Derek Law,WSN,RP,8/16/2024,Strained flexor,Activated,8/17/2024,9/1/2024,9/2/2024,Activated
Joan Adon,WSN,RP,8/22/2024,Strained shoulder,Activated,8/25/2024,10/24/2024,9/30/2024,Activated
Alex Call,WSN,OF,8/23/2024,Foot discomfort (partially torn plantar fascia),Activated,8/24/2024,9/3/2024,9/30/2024,Activated
David Peterson,NYM,SP,11/6/2023,Hip surgery (labrum repair),Activated,3/28/2024,5/27/2024,5/29/2024,Activated
Ronny Mauricio,NYM,INF,1/2/2024,Knee surgery (torn ACL),Activated,3/28/2024,5/27/2024,9/30/2024,Activated
Kodai Senga,NYM,SP,2/21/2024,Strained shoulder (posterior capsule),Activated,3/25/2024,5/24/2024,7/26/2024,Activated
Max Kranick,NYM,SP,2/26/2024,Strained hamstring,Activated,3/25/2024,4/9/2024,4/23/2024,Activated
Sean Reid-Foley,NYM,RP,3/24/2024,Shoulder impingement,Activated,3/25/2024,4/9/2024,4/22/2024,Activated
Tylor Megill,NYM,SP,3/31/2024,Strained shoulder,Activated,4/1/2024,4/16/2024,5/20/2024,Activated
Drew Smith,NYM,RP,4/23/2024,Shoulder inflammation,Activated,4/24/2024,5/9/2024,6/2/2024,Activated
Francisco Alvarez,NYM,C,4/23/2024,Thumb surgery (torn ligament),Activated,4/20/2024,4/30/2024,6/11/2024,Activated
Shintaro Fujinami,NYM,RP,5/3/2024,Strained shoulder,Activated,5/13/2024,7/12/2024,7/26/2024,Activated
Edwin Díaz,NYM,RP,5/25/2024,Shoulder impingement,Activated,5/26/2024,6/10/2024,6/13/2024,Activated
Brooks Raley,NYM,RP,5/29/2024,Tommy John surgery (internal brace),Activated,4/20/2024,6/19/2024,9/30/2024,Activated
Sean Reid-Foley,NYM,RP,6/19/2024,Shoulder impingement,Activated,6/20/2024,8/19/2024,9/30/2024,Activated
Starling Marte,NYM,OF,6/22/2024,Knee bone bruise,Activated,6/23/2024,7/3/2024,8/18/2024,Activated
Reed Garrett,NYM,RP,7/9/2024,Elbow inflammation,Activated,7/10/2024,7/25/2024,8/10/2024,Activated
Drew Smith,NYM,RP,7/12/2024,Tommy John surgery (internal brace),Activated,6/24/2024,8/23/2024,9/30/2024,Activated
Dedniel Núñez,NYM,RP,7/23/2024,Strained forearm,Activated,7/24/2024,8/8/2024,8/23/2024,Activated
Kodai Senga,NYM,SP,7/26/2024,Strained calf,Activated,7/27/2024,9/25/2024,9/30/2024,Activated
Paul Blackburn,NYM,SP,8/23/2024,Hand contusion,Activated,8/24/2024,10/23/2024,9/30/2024,Activated
Dedniel Núñez,NYM,RP,8/24/2024,Forearm tightness,Activated,8/26/2024,9/10/2024,9/30/2024,Activated
Christian Scott,NYM,SP,Sep '24,Tommy John surgery (internal brace),Activated,7/22/2024,9/20/2024,9/30/2024,Activated
Jeff McNeil,NYM,2B/OF,9/6/2024,Fractured wrist (right),Activated,9/7/2024,9/17/2024,9/30/2024,Activated
Dylan Covey,PHI,RP,3/1/2024,Strained shoulder,Activated,3/25/2024,5/24/2024,8/27/2024,Activated
Michael Rucker,PHI,RP,3/1/2024,Finger numbness,Activated,3/25/2024,5/24/2024,7/26/2024,Activated
Orion Kerkering,PHI,RP,3/1/2024,Strained forearm,Activated,3/25/2024,4/9/2024,4/14/2024,Activated
Rafael Marchán,PHI,C,3/7/2024,Back discomfort,Activated,3/25/2024,4/4/2024,5/27/2024,Activated
Taijuan Walker,PHI,SP,3/23/2024,Shoulder impingement,Activated,3/25/2024,4/9/2024,4/28/2024,Activated
Yunior Marte,PHI,RP,4/30/2024,Shoulder inflammation,Activated,5/1/2024,5/16/2024,6/25/2024,Activated
Trea Turner,PHI,SS,5/3/2024,Strained hamstring,Activated,5/4/2024,5/14/2024,6/17/2024,Activated
Kody Clemens,PHI,INF/OF,6/2/2024,Lower back spasms,Activated,5/31/2024,6/10/2024,6/28/2024,Activated
Brandon Marsh,PHI,OF,6/2/2024,Strained hamstring,Activated,6/3/2024,6/13/2024,6/15/2024,Activated
J.T. Realmuto,PHI,C,6/12/2024,Knee surgery (meniscectomy),Activated,6/10/2024,6/20/2024,7/20/2024,Activated
Taijuan Walker,PHI,SP,6/21/2024,Finger inflammation (right index),Activated,6/22/2024,7/7/2024,8/13/2024,Activated
Spencer Turnbull,PHI,SP,6/26/2024,Strained lat,Activated,6/27/2024,8/26/2024,9/30/2024,Activated
Bryce Harper,PHI,1B,6/27/2024,Strained hamstring,Activated,6/28/2024,7/8/2024,7/9/2024,Activated
Kyle Schwarber,PHI,DH,6/27/2024,Strained groin,Activated,6/28/2024,7/8/2024,7/9/2024,Activated
Luis Ortiz,PHI,RP,7/11/2024,Tommy John surgery,Activated,3/31/2024,5/30/2024,9/30/2024,Activated
Ranger Suárez,PHI,SP,7/22/2024,Lower back soreness,Activated,7/24/2024,8/8/2024,8/24/2024,Activated
Austin Hays,PHI,OF,8/7/2024,Strained hamstring,Activated,8/8/2024,8/18/2024,8/23/2024,Activated
Rodolfo Castro,PHI,INF,8/20/2024,Torn thumb ligament,Activated,9/7/2024,11/6/2024,9/30/2024,Activated
Alec Bohm,PHI,3B,8/29/2024,Strained hand,Activated,9/3/2024,9/13/2024,9/15/2024,Activated
Austin Hays,PHI,OF,9/1/2024,Kidney infection,Activated,9/2/2024,9/12/2024,9/24/2024,Activated
Edmundo Sosa,PHI,INF,9/6/2024,Back spasms,Activated,9/7/2024,9/17/2024,9/17/2024,Activated
Johan Oviedo,PIT,SP,12/6/2023,Tommy John surgery,Activated,3/28/2024,5/27/2024,9/30/2024,Activated
Endy Rodríguez,PIT,C,12/12/2023,Elbow/Flexor tendon surgery,Activated,3/28/2024,5/27/2024,9/30/2024,Activated
Yasmani Grandal,PIT,C,Mar '24,Plantar fascitis,Activated,3/25/2024,4/4/2024,5/3/2024,Activated
Colin Holderman,PIT,RP,Mar '24,Illness,Activated,3/25/2024,4/9/2024,4/11/2024,Activated
Ji Hwan Bae,PIT,INF/OF,3/5/2024,Strained hip,Activated,3/25/2024,4/4/2024,4/15/2024,Activated
Carmen Mlodzinski,PIT,RP,3/13/2024,Elbow inflammation,Activated,3/25/2024,4/9/2024,4/10/2024,Activated
Dauri Moreta,PIT,SP,3/21/2024,Tommy John surgery,Activated,3/28/2024,5/27/2024,9/30/2024,Activated
Ryan Borucki,PIT,RP,4/5/2024,Triceps inflammation,Activated,4/6/2024,6/5/2024,9/1/2024,Activated
Marco Gonzales,PIT,SP,4/13/2024,Strained forearm,Activated,4/14/2024,6/13/2024,7/12/2024,Activated
Jason Delay,PIT,C,4/19/2024,Knee surgery,Activated,4/1/2024,5/31/2024,6/4/2024,Activated
Ke'Bryan Hayes,PIT,3B,5/7/2024,Back inflammation,Activated,5/8/2024,5/18/2024,5/28/2024,Activated
Martín Pérez,PIT,SP,5/26/2024,Strained groin,Activated,5/27/2024,6/11/2024,6/28/2024,Activated
Joey Bart,PIT,C,5/26/2024,Thumb discomfort,Activated,5/27/2024,6/6/2024,6/30/2024,Activated
Alika Williams,PIT,INF,5/29/2024,Sprained wrist,Activated,5/30/2024,6/9/2024,6/19/2024,Activated
Ji Hwan Bae,PIT,INF/OF,6/2/2024,Sprained wrist,Activated,6/3/2024,6/13/2024,6/24/2024,Activated
Quinn Priester,PIT,SP,6/2/2024,Strained lat,Activated,6/3/2024,6/18/2024,7/9/2024,Activated
Hunter Stratton,PIT,RP,6/13/2024,Strained triceps,Activated,6/14/2024,6/29/2024,7/26/2024,Activated
Henry Davis,PIT,C,6/14/2024,Concussion,Activated,6/15/2024,6/22/2024,7/7/2024,Activated
David Bednar,PIT,RP,6/19/2024,Strained oblique,Activated,6/20/2024,7/5/2024,7/12/2024,Activated
Isiah Kiner-Falefa,PIT,INF,6/30/2024,Sprained knee,Activated,7/1/2024,7/11/2024,8/3/2024,Activated
Jared Jones,PIT,SP,7/3/2024,Strained lat,Activated,7/4/2024,7/19/2024,8/27/2024,Activated
Daulton Jefferies,PIT,RP,7/5/2024,Elbow inflammation,Activated,7/6/2024,9/4/2024,9/30/2024,Activated
Bailey Falter,PIT,SP,7/6/2024,Triceps tendinitis,Activated,7/7/2024,7/22/2024,7/29/2024,Activated
Nick Gonzales,PIT,2B,7/27/2024,Strained groin,Activated,7/28/2024,8/7/2024,8/26/2024,Activated
Joshua Palacios,PIT,OF,7/29/2024,Strained hamstring,Activated,7/30/2024,8/9/2024,8/19/2024,Activated
Carmen Mlodzinski,PIT,RP,7/29/2024,Strained shoulder,Activated,7/30/2024,8/14/2024,8/27/2024,Activated
Colin Holderman,PIT,RP,8/7/2024,Sprained wrist,Activated,8/8/2024,8/23/2024,9/1/2024,Activated
Andrew McCutchen,PIT,DH,8/16/2024,Knee inflammation,Activated,8/17/2024,8/27/2024,8/30/2024,Activated
Ke'Bryan Hayes,PIT,3B,8/17/2024,Lower back inflammation,Activated,8/18/2024,8/28/2024,9/30/2024,Activated
Joey Bart,PIT,C,8/25/2024,Strained hamstring,Activated,8/26/2024,9/5/2024,9/6/2024,Activated
Hunter Stratton,PIT,RP,8/26/2024,Knee surgery (ruptured patella tendon),Activated,8/25/2024,10/24/2024,9/30/2024,Activated
Ben Heller,PIT,RP,8/27/2024,Shoulder inflammation,Activated,8/28/2024,10/27/2024,9/30/2024,Activated
Henry Davis,PIT,C,9/4/2024,Hand inflammation (left),Activated,9/5/2024,9/15/2024,9/30/2024,Activated
Marco Gonzales,PIT,SP,9/13/2024,Flexor tendon surgery,Activated,8/9/2024,10/8/2024,9/30/2024,Activated
Kyle Nicolas,PIT,RP,9/16/2024,Strained oblique,Activated,9/17/2024,10/2/2024,9/30/2024,Activated
Lars Nootbaar,STL,OF,3/2/2024,Non-displaced rib fractures,Activated,3/25/2024,4/4/2024,4/11/2024,Activated
Sonny Gray,STL,SP,3/4/2024,Strained hamstring,Activated,3/25/2024,4/9/2024,4/9/2024,Activated
Dylan Carlson,STL,OF,3/25/2024,Sprained shoulder (AC joint),Activated,3/26/2024,4/5/2024,5/5/2024,Activated
Riley O'Brien,STL,RP,3/28/2024,Strained forearm flexor,Activated,3/29/2024,5/28/2024,8/11/2024,Activated
Matt Carpenter,STL,1B,4/1/2024,Strained oblique,Activated,4/2/2024,4/12/2024,5/11/2024,Activated
Steven Matz,STL,SP,4/30/2024,Strained lower back,Activated,5/1/2024,6/30/2024,9/1/2024,Activated
Drew Rom,STL,SP,May '24,Arthroscopic shoulder surgery,Activated,3/25/2024,5/24/2024,9/30/2024,Activated
Giovanny Gallegos,STL,RP,5/5/2024,Shoulder impingement,Activated,5/6/2024,5/21/2024,6/21/2024,Activated
Willson Contreras,STL,C,5/8/2024,Forearm surgery (fracture),Activated,5/8/2024,5/18/2024,6/24/2024,Activated
Nick Robertson,STL,RP,5/19/2024,Elbow inflammation,Activated,5/23/2024,6/7/2024,6/24/2024,Activated
Lars Nootbaar,STL,OF,5/30/2024,Strained oblique,Activated,5/31/2024,6/15/2024,7/8/2024,Activated
Keynan Middleton,STL,RP,6/11/2024,Flexor tendon surgery,Activated,3/25/2024,5/24/2024,9/30/2024,Activated
Iván Herrera,STL,C,6/18/2024,Lower back tightness,Activated,6/19/2024,6/29/2024,7/12/2024,Activated
Lance Lynn,STL,SP,7/30/2024,Knee inflammation,Activated,7/31/2024,8/15/2024,9/11/2024,Activated
Michael Siani,STL,OF,8/3/2024,Strained oblique,Activated,8/4/2024,8/14/2024,9/1/2024,Activated
Matt Carpenter,STL,1B,8/7/2024,Strained lower back,Activated,8/9/2024,8/19/2024,8/20/2024,Activated
Willson Contreras,STL,C,8/24/2024,Fractured finger (right middle),Activated,8/25/2024,9/4/2024,9/30/2024,Activated
Lance Lynn,STL,SP,9/17/2024,Knee inflammation,Activated,9/18/2024,10/3/2024,9/30/2024,Activated
Sonny Gray,STL,SP,9/18/2024,Forearm flexor tendinits,Activated,9/19/2024,10/4/2024,9/30/2024,Activated
JoJo Romero,STL,RP,9/21/2024,Forearm inflammation,Activated,9/22/2024,10/7/2024,9/30/2024,Activated
Tucupita Marcano,SDP,INF/OF,8/9/2023,Knee surgery (torn ACL),Activated,3/17/2024,4/2/2024,6/4/2024,Activated
Glenn Otto Jr.,SDP,SP,Feb '24,Strained shoulder (teres major),Activated,3/17/2024,4/7/2024,6/25/2024,Activated
Yu Darvish,SDP,SP,4/14/2024,Neck tightness,Activated,4/15/2024,4/30/2024,4/30/2024,Activated
Luis Patiño,SDP,RP,4/30/2024,Tommy John surgery,Activated,3/17/2024,5/22/2024,9/30/2024,Activated
Joe Musgrove,SDP,SP,5/1/2024,Elbow inflammation,Activated,5/2/2024,5/17/2024,5/21/2024,Activated
Xander Bogaerts,SDP,2B,5/20/2024,Fractured shoulder,Activated,5/21/2024,5/31/2024,7/12/2024,Activated
Joe Musgrove,SDP,SP,5/26/2024,Elbow inflammation,Activated,5/29/2024,7/28/2024,8/12/2024,Activated
Yu Darvish,SDP,SP,5/29/2024,Strained groin,Activated,5/30/2024,6/14/2024,9/4/2024,Activated
Fernando Tatis Jr.,SDP,OF,Jun '24,Femoral stress reaction,Activated,6/22/2024,8/21/2024,9/2/2024,Activated
Luis Campusano,SDP,C,6/20/2024,Thumb contusion,Activated,6/21/2024,7/1/2024,7/5/2024,Activated
Tom Cosgrove,SDP,RP,6/26/2024,Elbow inflammation,Activated,6/27/2024,7/12/2024,7/25/2024,Activated
Wandy Peralta,SDP,SP,7/9/2024,Strained groin,Activated,7/10/2024,7/25/2024,9/1/2024,Activated
Stephen Kolek,SDP,RP,7/30/2024,Forearm tendonitis,Activated,7/31/2024,9/29/2024,9/30/2024,Activated
Jhony Brito,SDP,SP,8/10/2024,Strained elbow,Activated,9/22/2024,11/21/2024,9/30/2024,Activated
Mason McCoy,SDP,INF,9/14/2024,Back inflammation,Activated,9/19/2024,9/29/2024,9/30/2024,Activated
Ha-Seong Kim,SDP,SS,10/10/2024,Shoulder surgery (labrum repair),Activated,8/19/2024,8/29/2024,9/30/2024,Activated
Robbie Ray,SFG,SP,5/3/2023,Tommy John surgery,Activated,3/28/2024,5/27/2024,7/24/2024,Activated
Austin Warren,SFG,RP,5/17/2023,Tommy John surgery,Activated,3/28/2024,5/27/2024,7/13/2024,Activated
Sean Hjelle,SFG,SP,2/28/2024,Strained elbow,Activated,3/25/2024,4/9/2024,4/20/2024,Activated
Tristan Beck,SFG,SP,3/4/2024,Vascular surgery (upper arm aneurysm),Activated,3/28/2024,5/27/2024,9/1/2024,Activated
Ethan Small,SFG,RP,3/13/2024,Strained oblique,Activated,3/28/2024,5/27/2024,8/16/2024,Activated
Luke Jackson,SFG,RP,3/28/2024,Strained lower back,Activated,3/29/2024,4/13/2024,4/22/2024,Activated
Blake Snell,SFG,SP,4/19/2024,Strained groin,Activated,4/21/2024,5/6/2024,5/22/2024,Activated
Patrick Bailey,SFG,C,5/3/2024,Concussion,Activated,5/4/2024,5/11/2024,5/11/2024,Activated
Tyler Matzek,SFG,RP,5/4/2024,Elbow inflammation,Activated,5/5/2024,7/4/2024,8/30/2024,Activated
Tom Murphy,SFG,C,5/4/2024,Sprained knee,Activated,5/5/2024,7/4/2024,9/30/2024,Activated
Jorge Soler,SFG,OF,5/4/2024,Strained shoulder,Activated,5/5/2024,5/15/2024,5/17/2024,Activated
Nick Ahmed,SFG,SS,5/9/2024,Sprained wrist,Activated,5/10/2024,5/20/2024,6/14/2024,Activated
Austin Slater,SFG,OF,5/10/2024,Concussion,Activated,5/11/2024,5/18/2024,6/5/2024,Activated
Michael Conforto,SFG,OF,5/11/2024,Strained hamstring,Activated,5/12/2024,5/22/2024,6/3/2024,Activated
Patrick Bailey,SFG,C,5/11/2024,Concussion,Activated,5/12/2024,5/19/2024,5/21/2024,Activated
Keaton Winn,SFG,SP,5/14/2024,Strained forearm,Activated,5/15/2024,5/30/2024,6/9/2024,Activated
LaMonte Wade Jr.,SFG,OF,5/27/2024,Strained hamstring,Activated,5/28/2024,6/7/2024,6/28/2024,Activated
Marco Luciano,SFG,SS,5/29/2024,Strained hamstring,Activated,5/30/2024,6/9/2024,6/14/2024,Activated
Blake Snell,SFG,SP,6/2/2024,Strained groin,Activated,6/3/2024,6/18/2024,7/9/2024,Activated
Jung Hoo Lee,SFG,OF,6/4/2024,Shoulder surgery (torn labrum),Activated,5/13/2024,7/12/2024,9/30/2024,Activated
Kyle Harrison,SFG,SP,6/16/2024,Sprained ankle,Activated,6/13/2024,6/28/2024,7/6/2024,Activated
Mike Yastrzemski,SFG,OF,6/20/2024,Strained oblique,Activated,6/21/2024,7/1/2024,7/2/2024,Activated
Wilmer Flores,SFG,INF,6/27/2024,Knee tendinitis,Activated,6/28/2024,7/8/2024,7/9/2024,Activated
Thairo Estrada,SFG,2B,6/27/2024,Sprained wrist,Activated,6/28/2024,7/8/2024,7/9/2024,Activated
Thairo Estrada,SFG,2B,7/25/2024,Sprained wrist,Activated,7/26/2024,8/5/2024,8/19/2024,Activated
Keaton Winn,SFG,SP,7/29/2024,Elbow surgery (ulnar nerve transpositon),Activated,6/21/2024,8/20/2024,9/30/2024,Activated
Wilmer Flores,SFG,INF,8/6/2024,Tenex procedure (right knee),Activated,7/24/2024,9/22/2024,9/30/2024,Activated
Randy Rodríguez,SFG,RP,8/13/2024,Elbow inflammation,Activated,8/14/2024,8/29/2024,9/27/2024,Activated
Patrick Bailey,SFG,C,8/18/2024,Strained oblique,Activated,8/19/2024,8/29/2024,8/29/2024,Activated
Jordan Hicks,SFG,RP,8/24/2024,Shoulder inflammation,Activated,8/25/2024,9/9/2024,9/14/2024,Activated
Robbie Ray,SFG,SP,8/25/2024,Strained hamstring,Activated,8/26/2024,9/10/2024,9/30/2024,Activated
Kyle Harrison,SFG,SP,9/3/2024,Shoulder inflammation,Activated,9/4/2024,9/19/2024,9/30/2024,Activated
Jordan Hicks,SFG,RP,9/14/2024,Shoulder inflammation,Activated,9/17/2024,10/2/2024,9/30/2024,Activated
Mark Canha,SFG,OF/1B,9/28/2024,Sprained thumb,Activated,9/29/2024,10/9/2024,9/30/2024,Activated
